output_path,source_path,interactive_source,html_status,interactive_status,html_path,svg_path,data_path,has_html,has_plotly_html,has_svg,has_csv,bundle_complete,static_reason
fits/dielectric/test_dielc_diff_salts_in_water_fit.png,scripts/fits/dielectric/test_dielc_diff_salts_in_water_fit.png,static_only,missing_html,static_only,,,fits/dielectric/data/test_dielc_diff_salts_in_water_fit_plot_data.csv,false,false,false,true,false,no_numeric_artists
fits/dielectric/test_dielc_fit_salts_in_water_fit.png,scripts/fits/dielectric/test_dielc_fit_salts_in_water_fit.png,static_only,missing_html,static_only,,,fits/dielectric/data/test_dielc_fit_salts_in_water_fit_plot_data.csv,false,false,false,true,false,no_numeric_artists
fits/miac/2025_presentation/miac_m_2025_present_ethanol_sodium_salts.png,scripts/fits/miac/2025_presentation/miac_m_2025_present_ethanol_sodium_salts.png,static_only,missing_html,static_only,,,fits/miac/2025_presentation/data/miac_m_2025_present_ethanol_sodium_salts_plot_data.csv,false,false,false,true,false,backfillable
fits/miac/2025_presentation/miac_m_2025_present_libr_nonaqueous.png,scripts/fits/miac/2025_presentation/miac_m_2025_present_libr_nonaqueous.png,static_only,missing_html,static_only,,,fits/miac/2025_presentation/data/miac_m_2025_present_libr_nonaqueous_plot_data.csv,false,false,false,true,false,backfillable
fits/miac/2025_presentation/miac_m_2025_present_lii_solvents.png,scripts/fits/miac/2025_presentation/miac_m_2025_present_lii_solvents.png,static_only,missing_html,static_only,,,fits/miac/2025_presentation/data/miac_m_2025_present_lii_solvents_plot_data.csv,false,false,false,true,false,backfillable
fits/miac/2025_presentation/miac_m_2025_present_methanol_chlorides.png,scripts/fits/miac/2025_presentation/miac_m_2025_present_methanol_chlorides.png,static_only,missing_html,static_only,,,fits/miac/2025_presentation/data/miac_m_2025_present_methanol_chlorides_plot_data.csv,false,false,false,true,false,backfillable
fits/miac/2025_presentation/miac_m_2025_present_methanol_iodides.png,scripts/fits/miac/2025_presentation/miac_m_2025_present_methanol_iodides.png,static_only,missing_html,static_only,,,fits/miac/2025_presentation/data/miac_m_2025_present_methanol_iodides_plot_data.csv,false,false,false,true,false,backfillable
fits/miac/2025_presentation/miac_m_2025_present_nabr_solvents.png,scripts/fits/miac/2025_presentation/miac_m_2025_present_nabr_solvents.png,static_only,missing_html,static_only,,,fits/miac/2025_presentation/data/miac_m_2025_present_nabr_solvents_plot_data.csv,false,false,false,true,false,backfillable
fits/miac/2025_presentation/miac_m_2025_present_nacl_solvents.png,scripts/fits/miac/2025_presentation/miac_m_2025_present_nacl_solvents.png,static_only,missing_html,static_only,,,fits/miac/2025_presentation/data/miac_m_2025_present_nacl_solvents_plot_data.csv,false,false,false,true,false,backfillable
fits/miac/2025_presentation/miac_m_2025_present_water_potassium_halides.png,scripts/fits/miac/2025_presentation/miac_m_2025_present_water_potassium_halides.png,static_only,missing_html,static_only,,,fits/miac/2025_presentation/data/miac_m_2025_present_water_potassium_halides_plot_data.csv,false,false,false,true,false,backfillable
fits/miac/2025_solvent_comparison/miac_m_2025_KBr_solvent_comparison.png,scripts/fits/miac/2025_solvent_comparison/miac_m_2025_KBr_solvent_comparison.png,static_only,missing_html,static_only,,,fits/miac/2025_solvent_comparison/data/miac_m_2025_KBr_solvent_comparison_plot_data.csv,false,false,false,true,false,backfillable
fits/miac/2025_solvent_comparison/miac_m_2025_KCl_solvent_comparison.png,scripts/fits/miac/2025_solvent_comparison/miac_m_2025_KCl_solvent_comparison.png,static_only,missing_html,static_only,,,fits/miac/2025_solvent_comparison/data/miac_m_2025_KCl_solvent_comparison_plot_data.csv,false,false,false,true,false,backfillable
fits/miac/2025_solvent_comparison/miac_m_2025_KI_solvent_comparison.png,scripts/fits/miac/2025_solvent_comparison/miac_m_2025_KI_solvent_comparison.png,static_only,missing_html,static_only,,,fits/miac/2025_solvent_comparison/data/miac_m_2025_KI_solvent_comparison_plot_data.csv,false,false,false,true,false,backfillable
fits/miac/2025_solvent_comparison/miac_m_2025_LiBr_solvent_comparison.png,scripts/fits/miac/2025_solvent_comparison/miac_m_2025_LiBr_solvent_comparison.png,static_only,missing_html,static_only,,,fits/miac/2025_solvent_comparison/data/miac_m_2025_LiBr_solvent_comparison_plot_data.csv,false,false,false,true,false,backfillable
fits/miac/2025_solvent_comparison/miac_m_2025_LiCl_solvent_comparison.png,scripts/fits/miac/2025_solvent_comparison/miac_m_2025_LiCl_solvent_comparison.png,static_only,missing_html,static_only,,,fits/miac/2025_solvent_comparison/data/miac_m_2025_LiCl_solvent_comparison_plot_data.csv,false,false,false,true,false,backfillable
fits/miac/2025_solvent_comparison/miac_m_2025_LiI_solvent_comparison.png,scripts/fits/miac/2025_solvent_comparison/miac_m_2025_LiI_solvent_comparison.png,static_only,missing_html,static_only,,,fits/miac/2025_solvent_comparison/data/miac_m_2025_LiI_solvent_comparison_plot_data.csv,false,false,false,true,false,backfillable
fits/miac/2025_solvent_comparison/miac_m_2025_NaBr_solvent_comparison.png,scripts/fits/miac/2025_solvent_comparison/miac_m_2025_NaBr_solvent_comparison.png,static_only,missing_html,static_only,,,fits/miac/2025_solvent_comparison/data/miac_m_2025_NaBr_solvent_comparison_plot_data.csv,false,false,false,true,false,backfillable
fits/miac/2025_solvent_comparison/miac_m_2025_NaCl_solvent_comparison.png,scripts/fits/miac/2025_solvent_comparison/miac_m_2025_NaCl_solvent_comparison.png,static_only,missing_html,static_only,,,fits/miac/2025_solvent_comparison/data/miac_m_2025_NaCl_solvent_comparison_plot_data.csv,false,false,false,true,false,backfillable
fits/miac/2025_solvent_comparison/miac_m_2025_NaI_solvent_comparison.png,scripts/fits/miac/2025_solvent_comparison/miac_m_2025_NaI_solvent_comparison.png,static_only,missing_html,static_only,,,fits/miac/2025_solvent_comparison/data/miac_m_2025_NaI_solvent_comparison_plot_data.csv,false,false,false,true,false,backfillable
fits/miac/ethanol/miac/miac_ethanol_1_LiCl.png,scripts/fits/miac/ethanol/miac/miac_ethanol_1_LiCl.png,static_only,missing_html,static_only,,,fits/miac/ethanol/miac/data/miac_ethanol_1_LiCl_plot_data.csv,false,false,false,true,false,backfillable
fits/miac/ethanol/miac/miac_ethanol_2_LiBr.png,scripts/fits/miac/ethanol/miac/miac_ethanol_2_LiBr.png,static_only,missing_html,static_only,,,fits/miac/ethanol/miac/data/miac_ethanol_2_LiBr_plot_data.csv,false,false,false,true,false,backfillable
fits/miac/ethanol/miac/miac_ethanol_3_LiI.png,scripts/fits/miac/ethanol/miac/miac_ethanol_3_LiI.png,static_only,missing_html,static_only,,,fits/miac/ethanol/miac/data/miac_ethanol_3_LiI_plot_data.csv,false,false,false,true,false,backfillable
fits/miac/ethanol/miac/miac_ethanol_4_NaCl.png,scripts/fits/miac/ethanol/miac/miac_ethanol_4_NaCl.png,static_only,missing_html,static_only,,,fits/miac/ethanol/miac/data/miac_ethanol_4_NaCl_plot_data.csv,false,false,false,true,false,backfillable
fits/miac/ethanol/miac/miac_ethanol_5_NaBr.png,scripts/fits/miac/ethanol/miac/miac_ethanol_5_NaBr.png,static_only,missing_html,static_only,,,fits/miac/ethanol/miac/data/miac_ethanol_5_NaBr_plot_data.csv,false,false,false,true,false,backfillable
fits/miac/ethanol/miac/miac_ethanol_6_NaI.png,scripts/fits/miac/ethanol/miac/miac_ethanol_6_NaI.png,static_only,missing_html,static_only,,,fits/miac/ethanol/miac/data/miac_ethanol_6_NaI_plot_data.csv,false,false,false,true,false,backfillable
fits/miac/ethanol/miac_m/maic_m_ethanol_1_LiCl.png,scripts/fits/miac/ethanol/miac_m/maic_m_ethanol_1_LiCl.png,static_only,missing_html,static_only,,,fits/miac/ethanol/miac_m/data/maic_m_ethanol_1_LiCl_plot_data.csv,false,false,false,true,false,backfillable
fits/miac/ethanol/miac_m/maic_m_ethanol_2_LiBr.png,scripts/fits/miac/ethanol/miac_m/maic_m_ethanol_2_LiBr.png,static_only,missing_html,static_only,,,fits/miac/ethanol/miac_m/data/maic_m_ethanol_2_LiBr_plot_data.csv,false,false,false,true,false,backfillable
fits/miac/ethanol/miac_m/maic_m_ethanol_3_LiI.png,scripts/fits/miac/ethanol/miac_m/maic_m_ethanol_3_LiI.png,static_only,missing_html,static_only,,,fits/miac/ethanol/miac_m/data/maic_m_ethanol_3_LiI_plot_data.csv,false,false,false,true,false,backfillable
fits/miac/ethanol/miac_m/maic_m_ethanol_4_NaCl.png,scripts/fits/miac/ethanol/miac_m/maic_m_ethanol_4_NaCl.png,static_only,missing_html,static_only,,,fits/miac/ethanol/miac_m/data/maic_m_ethanol_4_NaCl_plot_data.csv,false,false,false,true,false,backfillable
fits/miac/ethanol/miac_m/maic_m_ethanol_5_NaBr.png,scripts/fits/miac/ethanol/miac_m/maic_m_ethanol_5_NaBr.png,static_only,missing_html,static_only,,,fits/miac/ethanol/miac_m/data/maic_m_ethanol_5_NaBr_plot_data.csv,false,false,false,true,false,backfillable
fits/miac/ethanol/miac_m/maic_m_ethanol_6_NaI.png,scripts/fits/miac/ethanol/miac_m/maic_m_ethanol_6_NaI.png,static_only,missing_html,static_only,,,fits/miac/ethanol/miac_m/data/maic_m_ethanol_6_NaI_plot_data.csv,false,false,false,true,false,backfillable
fits/miac/ethanol/miac_m/maic_m_ethanol_grid_3x3.png,scripts/fits/miac/ethanol/miac_m/maic_m_ethanol_grid_3x3.png,static_only,missing_html,static_only,,,fits/miac/ethanol/miac_m/data/maic_m_ethanol_grid_3x3_plot_data.csv,false,false,false,true,false,backfillable
fits/miac/methanol/miac/miac_methanol_1_LiCl.png,scripts/fits/miac/methanol/miac/miac_methanol_1_LiCl.png,static_only,missing_html,static_only,,,fits/miac/methanol/miac/data/miac_methanol_1_LiCl_plot_data.csv,false,false,false,true,false,backfillable
fits/miac/methanol/miac/miac_methanol_2_LiBr.png,scripts/fits/miac/methanol/miac/miac_methanol_2_LiBr.png,static_only,missing_html,static_only,,,fits/miac/methanol/miac/data/miac_methanol_2_LiBr_plot_data.csv,false,false,false,true,false,backfillable
fits/miac/methanol/miac/miac_methanol_3_LiI.png,scripts/fits/miac/methanol/miac/miac_methanol_3_LiI.png,static_only,missing_html,static_only,,,fits/miac/methanol/miac/data/miac_methanol_3_LiI_plot_data.csv,false,false,false,true,false,backfillable
fits/miac/methanol/miac/miac_methanol_4_NaCl.png,scripts/fits/miac/methanol/miac/miac_methanol_4_NaCl.png,static_only,missing_html,static_only,,,fits/miac/methanol/miac/data/miac_methanol_4_NaCl_plot_data.csv,false,false,false,true,false,backfillable
fits/miac/methanol/miac/miac_methanol_5_NaBr.png,scripts/fits/miac/methanol/miac/miac_methanol_5_NaBr.png,static_only,missing_html,static_only,,,fits/miac/methanol/miac/data/miac_methanol_5_NaBr_plot_data.csv,false,false,false,true,false,backfillable
fits/miac/methanol/miac/miac_methanol_6_NaI.png,scripts/fits/miac/methanol/miac/miac_methanol_6_NaI.png,static_only,missing_html,static_only,,,fits/miac/methanol/miac/data/miac_methanol_6_NaI_plot_data.csv,false,false,false,true,false,backfillable
fits/miac/methanol/miac/miac_methanol_7_KCl.png,scripts/fits/miac/methanol/miac/miac_methanol_7_KCl.png,static_only,missing_html,static_only,,,fits/miac/methanol/miac/data/miac_methanol_7_KCl_plot_data.csv,false,false,false,true,false,backfillable
fits/miac/methanol/miac/miac_methanol_8_KBr.png,scripts/fits/miac/methanol/miac/miac_methanol_8_KBr.png,static_only,missing_html,static_only,,,fits/miac/methanol/miac/data/miac_methanol_8_KBr_plot_data.csv,false,false,false,true,false,backfillable
fits/miac/methanol/miac/miac_methanol_9_KI.png,scripts/fits/miac/methanol/miac/miac_methanol_9_KI.png,static_only,missing_html,static_only,,,fits/miac/methanol/miac/data/miac_methanol_9_KI_plot_data.csv,false,false,false,true,false,backfillable
fits/miac/methanol/miac_m/maic_m_methanol_1_LiCl.png,scripts/fits/miac/methanol/miac_m/maic_m_methanol_1_LiCl.png,static_only,missing_html,static_only,,,fits/miac/methanol/miac_m/data/maic_m_methanol_1_LiCl_plot_data.csv,false,false,false,true,false,backfillable
fits/miac/methanol/miac_m/maic_m_methanol_2_LiBr.png,scripts/fits/miac/methanol/miac_m/maic_m_methanol_2_LiBr.png,static_only,missing_html,static_only,,,fits/miac/methanol/miac_m/data/maic_m_methanol_2_LiBr_plot_data.csv,false,false,false,true,false,backfillable
fits/miac/methanol/miac_m/maic_m_methanol_3_LiI.png,scripts/fits/miac/methanol/miac_m/maic_m_methanol_3_LiI.png,static_only,missing_html,static_only,,,fits/miac/methanol/miac_m/data/maic_m_methanol_3_LiI_plot_data.csv,false,false,false,true,false,backfillable
fits/miac/methanol/miac_m/maic_m_methanol_4_NaCl.png,scripts/fits/miac/methanol/miac_m/maic_m_methanol_4_NaCl.png,static_only,missing_html,static_only,,,fits/miac/methanol/miac_m/data/maic_m_methanol_4_NaCl_plot_data.csv,false,false,false,true,false,backfillable
fits/miac/methanol/miac_m/maic_m_methanol_5_NaBr.png,scripts/fits/miac/methanol/miac_m/maic_m_methanol_5_NaBr.png,static_only,missing_html,static_only,,,fits/miac/methanol/miac_m/data/maic_m_methanol_5_NaBr_plot_data.csv,false,false,false,true,false,backfillable
fits/miac/methanol/miac_m/maic_m_methanol_6_NaI.png,scripts/fits/miac/methanol/miac_m/maic_m_methanol_6_NaI.png,static_only,missing_html,static_only,,,fits/miac/methanol/miac_m/data/maic_m_methanol_6_NaI_plot_data.csv,false,false,false,true,false,backfillable
fits/miac/methanol/miac_m/maic_m_methanol_7_KCl.png,scripts/fits/miac/methanol/miac_m/maic_m_methanol_7_KCl.png,static_only,missing_html,static_only,,,fits/miac/methanol/miac_m/data/maic_m_methanol_7_KCl_plot_data.csv,false,false,false,true,false,backfillable
fits/miac/methanol/miac_m/maic_m_methanol_8_KBr.png,scripts/fits/miac/methanol/miac_m/maic_m_methanol_8_KBr.png,static_only,missing_html,static_only,,,fits/miac/methanol/miac_m/data/maic_m_methanol_8_KBr_plot_data.csv,false,false,false,true,false,backfillable
fits/miac/methanol/miac_m/maic_m_methanol_9_KI.png,scripts/fits/miac/methanol/miac_m/maic_m_methanol_9_KI.png,static_only,missing_html,static_only,,,fits/miac/methanol/miac_m/data/maic_m_methanol_9_KI_plot_data.csv,false,false,false,true,false,backfillable
fits/miac/methanol/miac_m/maic_m_methanol_grid_3x3.png,scripts/fits/miac/methanol/miac_m/maic_m_methanol_grid_3x3.png,static_only,missing_html,static_only,,,fits/miac/methanol/miac_m/data/maic_m_methanol_grid_3x3_plot_data.csv,false,false,false,true,false,backfillable
fits/miac/water/miac/miac_water_1_LiCl.png,scripts/fits/miac/water/miac/miac_water_1_LiCl.png,static_only,missing_html,static_only,,,fits/miac/water/miac/data/miac_water_1_LiCl_plot_data.csv,false,false,false,true,false,backfillable
fits/miac/water/miac/miac_water_2_LiBr.png,scripts/fits/miac/water/miac/miac_water_2_LiBr.png,static_only,missing_html,static_only,,,fits/miac/water/miac/data/miac_water_2_LiBr_plot_data.csv,false,false,false,true,false,backfillable
fits/miac/water/miac/miac_water_3_LiI.png,scripts/fits/miac/water/miac/miac_water_3_LiI.png,static_only,missing_html,static_only,,,fits/miac/water/miac/data/miac_water_3_LiI_plot_data.csv,false,false,false,true,false,backfillable
fits/miac/water/miac/miac_water_4_NaCl.png,scripts/fits/miac/water/miac/miac_water_4_NaCl.png,static_only,missing_html,static_only,,,fits/miac/water/miac/data/miac_water_4_NaCl_plot_data.csv,false,false,false,true,false,backfillable
fits/miac/water/miac/miac_water_5_NaBr.png,scripts/fits/miac/water/miac/miac_water_5_NaBr.png,static_only,missing_html,static_only,,,fits/miac/water/miac/data/miac_water_5_NaBr_plot_data.csv,false,false,false,true,false,backfillable
fits/miac/water/miac/miac_water_6_NaI.png,scripts/fits/miac/water/miac/miac_water_6_NaI.png,static_only,missing_html,static_only,,,fits/miac/water/miac/data/miac_water_6_NaI_plot_data.csv,false,false,false,true,false,backfillable
fits/miac/water/miac/miac_water_7_KCl.png,scripts/fits/miac/water/miac/miac_water_7_KCl.png,static_only,missing_html,static_only,,,fits/miac/water/miac/data/miac_water_7_KCl_plot_data.csv,false,false,false,true,false,backfillable
fits/miac/water/miac/miac_water_8_KBr.png,scripts/fits/miac/water/miac/miac_water_8_KBr.png,static_only,missing_html,static_only,,,fits/miac/water/miac/data/miac_water_8_KBr_plot_data.csv,false,false,false,true,false,backfillable
fits/miac/water/miac/miac_water_9_KI.png,scripts/fits/miac/water/miac/miac_water_9_KI.png,static_only,missing_html,static_only,,,fits/miac/water/miac/data/miac_water_9_KI_plot_data.csv,false,false,false,true,false,backfillable
fits/miac/water/miac_m/maic_m_water_1_LiCl.png,scripts/fits/miac/water/miac_m/maic_m_water_1_LiCl.png,static_only,missing_html,static_only,,,fits/miac/water/miac_m/data/maic_m_water_1_LiCl_plot_data.csv,false,false,false,true,false,backfillable
fits/miac/water/miac_m/maic_m_water_2_LiBr.png,scripts/fits/miac/water/miac_m/maic_m_water_2_LiBr.png,static_only,missing_html,static_only,,,fits/miac/water/miac_m/data/maic_m_water_2_LiBr_plot_data.csv,false,false,false,true,false,backfillable
fits/miac/water/miac_m/maic_m_water_3_LiI.png,scripts/fits/miac/water/miac_m/maic_m_water_3_LiI.png,static_only,missing_html,static_only,,,fits/miac/water/miac_m/data/maic_m_water_3_LiI_plot_data.csv,false,false,false,true,false,backfillable
fits/miac/water/miac_m/maic_m_water_4_NaCl.png,scripts/fits/miac/water/miac_m/maic_m_water_4_NaCl.png,static_only,missing_html,static_only,,,fits/miac/water/miac_m/data/maic_m_water_4_NaCl_plot_data.csv,false,false,false,true,false,backfillable
fits/miac/water/miac_m/maic_m_water_5_NaBr.png,scripts/fits/miac/water/miac_m/maic_m_water_5_NaBr.png,static_only,missing_html,static_only,,,fits/miac/water/miac_m/data/maic_m_water_5_NaBr_plot_data.csv,false,false,false,true,false,backfillable
fits/miac/water/miac_m/maic_m_water_6_NaI.png,scripts/fits/miac/water/miac_m/maic_m_water_6_NaI.png,static_only,missing_html,static_only,,,fits/miac/water/miac_m/data/maic_m_water_6_NaI_plot_data.csv,false,false,false,true,false,backfillable
fits/miac/water/miac_m/maic_m_water_7_KCl.png,scripts/fits/miac/water/miac_m/maic_m_water_7_KCl.png,static_only,missing_html,static_only,,,fits/miac/water/miac_m/data/maic_m_water_7_KCl_plot_data.csv,false,false,false,true,false,backfillable
fits/miac/water/miac_m/maic_m_water_8_KBr.png,scripts/fits/miac/water/miac_m/maic_m_water_8_KBr.png,static_only,missing_html,static_only,,,fits/miac/water/miac_m/data/maic_m_water_8_KBr_plot_data.csv,false,false,false,true,false,backfillable
fits/miac/water/miac_m/maic_m_water_9_KI.png,scripts/fits/miac/water/miac_m/maic_m_water_9_KI.png,static_only,missing_html,static_only,,,fits/miac/water/miac_m/data/maic_m_water_9_KI_plot_data.csv,false,false,false,true,false,backfillable
fits/miac/water/miac_m/maic_m_water_grid_3x3.png,scripts/fits/miac/water/miac_m/maic_m_water_grid_3x3.png,static_only,missing_html,static_only,,,fits/miac/water/miac_m/data/maic_m_water_grid_3x3_plot_data.csv,false,false,false,true,false,backfillable
fits/miac/water-ethanol/miac/miac_water-ethanol_4_NaCl_h2o22_etoh78.png,scripts/fits/miac/water-ethanol/miac/miac_water-ethanol_4_NaCl_h2o22_etoh78.png,static_only,missing_html,static_only,,,fits/miac/water-ethanol/miac/data/miac_water-ethanol_4_NaCl_h2o22_etoh78_plot_data.csv,false,false,false,true,false,backfillable
fits/miac/water-ethanol/miac/miac_water-ethanol_4_NaCl_h2o39_etoh61.png,scripts/fits/miac/water-ethanol/miac/miac_water-ethanol_4_NaCl_h2o39_etoh61.png,static_only,missing_html,static_only,,,fits/miac/water-ethanol/miac/data/miac_water-ethanol_4_NaCl_h2o39_etoh61_plot_data.csv,false,false,false,true,false,backfillable
fits/miac/water-ethanol/miac/miac_water-ethanol_4_NaCl_h2o52_etoh48.png,scripts/fits/miac/water-ethanol/miac/miac_water-ethanol_4_NaCl_h2o52_etoh48.png,static_only,missing_html,static_only,,,fits/miac/water-ethanol/miac/data/miac_water-ethanol_4_NaCl_h2o52_etoh48_plot_data.csv,false,false,false,true,false,backfillable
fits/miac/water-ethanol/miac/miac_water-ethanol_4_NaCl_h2o63_etoh37.png,scripts/fits/miac/water-ethanol/miac/miac_water-ethanol_4_NaCl_h2o63_etoh37.png,static_only,missing_html,static_only,,,fits/miac/water-ethanol/miac/data/miac_water-ethanol_4_NaCl_h2o63_etoh37_plot_data.csv,false,false,false,true,false,backfillable
fits/miac/water-ethanol/miac/miac_water-ethanol_4_NaCl_h2o79_etoh21.png,scripts/fits/miac/water-ethanol/miac/miac_water-ethanol_4_NaCl_h2o79_etoh21.png,static_only,missing_html,static_only,,,fits/miac/water-ethanol/miac/data/miac_water-ethanol_4_NaCl_h2o79_etoh21_plot_data.csv,false,false,false,true,false,backfillable
fits/miac/water-ethanol/miac/miac_water-ethanol_4_NaCl_h2o91_etoh09.png,scripts/fits/miac/water-ethanol/miac/miac_water-ethanol_4_NaCl_h2o91_etoh09.png,static_only,missing_html,static_only,,,fits/miac/water-ethanol/miac/data/miac_water-ethanol_4_NaCl_h2o91_etoh09_plot_data.csv,false,false,false,true,false,backfillable
fits/miac/water-ethanol/miac/miac_water-ethanol_5_NaBr_h2o00_etoh100.png,scripts/fits/miac/water-ethanol/miac/miac_water-ethanol_5_NaBr_h2o00_etoh100.png,static_only,missing_html,static_only,,,fits/miac/water-ethanol/miac/data/miac_water-ethanol_5_NaBr_h2o00_etoh100_plot_data.csv,false,false,false,true,false,backfillable
fits/miac/water-ethanol/miac/miac_water-ethanol_5_NaBr_h2o10_etoh90.png,scripts/fits/miac/water-ethanol/miac/miac_water-ethanol_5_NaBr_h2o10_etoh90.png,static_only,missing_html,static_only,,,fits/miac/water-ethanol/miac/data/miac_water-ethanol_5_NaBr_h2o10_etoh90_plot_data.csv,false,false,false,true,false,backfillable
fits/miac/water-ethanol/miac/miac_water-ethanol_5_NaBr_h2o20_etoh80.png,scripts/fits/miac/water-ethanol/miac/miac_water-ethanol_5_NaBr_h2o20_etoh80.png,static_only,missing_html,static_only,,,fits/miac/water-ethanol/miac/data/miac_water-ethanol_5_NaBr_h2o20_etoh80_plot_data.csv,false,false,false,true,false,backfillable
fits/miac/water-ethanol/miac/miac_water-ethanol_5_NaBr_h2o40_etoh60.png,scripts/fits/miac/water-ethanol/miac/miac_water-ethanol_5_NaBr_h2o40_etoh60.png,static_only,missing_html,static_only,,,fits/miac/water-ethanol/miac/data/miac_water-ethanol_5_NaBr_h2o40_etoh60_plot_data.csv,false,false,false,true,false,backfillable
fits/miac/water-ethanol/miac/miac_water-ethanol_5_NaBr_h2o60_etoh40.png,scripts/fits/miac/water-ethanol/miac/miac_water-ethanol_5_NaBr_h2o60_etoh40.png,static_only,missing_html,static_only,,,fits/miac/water-ethanol/miac/data/miac_water-ethanol_5_NaBr_h2o60_etoh40_plot_data.csv,false,false,false,true,false,backfillable
fits/miac/water-ethanol/miac/miac_water-ethanol_5_NaBr_h2o80_etoh20.png,scripts/fits/miac/water-ethanol/miac/miac_water-ethanol_5_NaBr_h2o80_etoh20.png,static_only,missing_html,static_only,,,fits/miac/water-ethanol/miac/data/miac_water-ethanol_5_NaBr_h2o80_etoh20_plot_data.csv,false,false,false,true,false,backfillable
fits/miac/water-ethanol/miac/miac_water-ethanol_5_NaBr_h2o90_etoh10.png,scripts/fits/miac/water-ethanol/miac/miac_water-ethanol_5_NaBr_h2o90_etoh10.png,static_only,missing_html,static_only,,,fits/miac/water-ethanol/miac/data/miac_water-ethanol_5_NaBr_h2o90_etoh10_plot_data.csv,false,false,false,true,false,backfillable
fits/miac/water-ethanol/miac_m/maic_m_water-ethanol_4_NaCl_h2o22_etoh78.png,scripts/fits/miac/water-ethanol/miac_m/maic_m_water-ethanol_4_NaCl_h2o22_etoh78.png,static_only,missing_html,static_only,,,fits/miac/water-ethanol/miac_m/data/maic_m_water-ethanol_4_NaCl_h2o22_etoh78_plot_data.csv,false,false,false,true,false,backfillable
fits/miac/water-ethanol/miac_m/maic_m_water-ethanol_4_NaCl_h2o39_etoh61.png,scripts/fits/miac/water-ethanol/miac_m/maic_m_water-ethanol_4_NaCl_h2o39_etoh61.png,static_only,missing_html,static_only,,,fits/miac/water-ethanol/miac_m/data/maic_m_water-ethanol_4_NaCl_h2o39_etoh61_plot_data.csv,false,false,false,true,false,backfillable
fits/miac/water-ethanol/miac_m/maic_m_water-ethanol_4_NaCl_h2o52_etoh48.png,scripts/fits/miac/water-ethanol/miac_m/maic_m_water-ethanol_4_NaCl_h2o52_etoh48.png,static_only,missing_html,static_only,,,fits/miac/water-ethanol/miac_m/data/maic_m_water-ethanol_4_NaCl_h2o52_etoh48_plot_data.csv,false,false,false,true,false,backfillable
fits/miac/water-ethanol/miac_m/maic_m_water-ethanol_4_NaCl_h2o63_etoh37.png,scripts/fits/miac/water-ethanol/miac_m/maic_m_water-ethanol_4_NaCl_h2o63_etoh37.png,static_only,missing_html,static_only,,,fits/miac/water-ethanol/miac_m/data/maic_m_water-ethanol_4_NaCl_h2o63_etoh37_plot_data.csv,false,false,false,true,false,backfillable
fits/miac/water-ethanol/miac_m/maic_m_water-ethanol_4_NaCl_h2o79_etoh21.png,scripts/fits/miac/water-ethanol/miac_m/maic_m_water-ethanol_4_NaCl_h2o79_etoh21.png,static_only,missing_html,static_only,,,fits/miac/water-ethanol/miac_m/data/maic_m_water-ethanol_4_NaCl_h2o79_etoh21_plot_data.csv,false,false,false,true,false,backfillable
fits/miac/water-ethanol/miac_m/maic_m_water-ethanol_4_NaCl_h2o91_etoh09.png,scripts/fits/miac/water-ethanol/miac_m/maic_m_water-ethanol_4_NaCl_h2o91_etoh09.png,static_only,missing_html,static_only,,,fits/miac/water-ethanol/miac_m/data/maic_m_water-ethanol_4_NaCl_h2o91_etoh09_plot_data.csv,false,false,false,true,false,backfillable
fits/miac/water-ethanol/miac_m/maic_m_water-ethanol_5_NaBr_h2o00_etoh100.png,scripts/fits/miac/water-ethanol/miac_m/maic_m_water-ethanol_5_NaBr_h2o00_etoh100.png,static_only,missing_html,static_only,,,fits/miac/water-ethanol/miac_m/data/maic_m_water-ethanol_5_NaBr_h2o00_etoh100_plot_data.csv,false,false,false,true,false,backfillable
fits/miac/water-ethanol/miac_m/maic_m_water-ethanol_5_NaBr_h2o10_etoh90.png,scripts/fits/miac/water-ethanol/miac_m/maic_m_water-ethanol_5_NaBr_h2o10_etoh90.png,static_only,missing_html,static_only,,,fits/miac/water-ethanol/miac_m/data/maic_m_water-ethanol_5_NaBr_h2o10_etoh90_plot_data.csv,false,false,false,true,false,backfillable
fits/miac/water-ethanol/miac_m/maic_m_water-ethanol_5_NaBr_h2o20_etoh80.png,scripts/fits/miac/water-ethanol/miac_m/maic_m_water-ethanol_5_NaBr_h2o20_etoh80.png,static_only,missing_html,static_only,,,fits/miac/water-ethanol/miac_m/data/maic_m_water-ethanol_5_NaBr_h2o20_etoh80_plot_data.csv,false,false,false,true,false,backfillable
fits/miac/water-ethanol/miac_m/maic_m_water-ethanol_5_NaBr_h2o40_etoh60.png,scripts/fits/miac/water-ethanol/miac_m/maic_m_water-ethanol_5_NaBr_h2o40_etoh60.png,static_only,missing_html,static_only,,,fits/miac/water-ethanol/miac_m/data/maic_m_water-ethanol_5_NaBr_h2o40_etoh60_plot_data.csv,false,false,false,true,false,backfillable
fits/miac/water-ethanol/miac_m/maic_m_water-ethanol_5_NaBr_h2o60_etoh40.png,scripts/fits/miac/water-ethanol/miac_m/maic_m_water-ethanol_5_NaBr_h2o60_etoh40.png,static_only,missing_html,static_only,,,fits/miac/water-ethanol/miac_m/data/maic_m_water-ethanol_5_NaBr_h2o60_etoh40_plot_data.csv,false,false,false,true,false,backfillable
fits/miac/water-ethanol/miac_m/maic_m_water-ethanol_5_NaBr_h2o80_etoh20.png,scripts/fits/miac/water-ethanol/miac_m/maic_m_water-ethanol_5_NaBr_h2o80_etoh20.png,static_only,missing_html,static_only,,,fits/miac/water-ethanol/miac_m/data/maic_m_water-ethanol_5_NaBr_h2o80_etoh20_plot_data.csv,false,false,false,true,false,backfillable
fits/miac/water-ethanol/miac_m/maic_m_water-ethanol_5_NaBr_h2o90_etoh10.png,scripts/fits/miac/water-ethanol/miac_m/maic_m_water-ethanol_5_NaBr_h2o90_etoh10.png,static_only,missing_html,static_only,,,fits/miac/water-ethanol/miac_m/data/maic_m_water-ethanol_5_NaBr_h2o90_etoh10_plot_data.csv,false,false,false,true,false,backfillable
fits/miac/water-methanol/miac/miac_water-methanol_4_NaCl_h2o31_meoh69.png,scripts/fits/miac/water-methanol/miac/miac_water-methanol_4_NaCl_h2o31_meoh69.png,static_only,missing_html,static_only,,,fits/miac/water-methanol/miac/data/miac_water-methanol_4_NaCl_h2o31_meoh69_plot_data.csv,false,false,false,true,false,backfillable
fits/miac/water-methanol/miac/miac_water-methanol_4_NaCl_h2o50_meoh50.png,scripts/fits/miac/water-methanol/miac/miac_water-methanol_4_NaCl_h2o50_meoh50.png,static_only,missing_html,static_only,,,fits/miac/water-methanol/miac/data/miac_water-methanol_4_NaCl_h2o50_meoh50_plot_data.csv,false,false,false,true,false,backfillable
fits/miac/water-methanol/miac/miac_water-methanol_5_NaBr_h2o00_meoh100.png,scripts/fits/miac/water-methanol/miac/miac_water-methanol_5_NaBr_h2o00_meoh100.png,static_only,missing_html,static_only,,,fits/miac/water-methanol/miac/data/miac_water-methanol_5_NaBr_h2o00_meoh100_plot_data.csv,false,false,false,true,false,backfillable
fits/miac/water-methanol/miac/miac_water-methanol_5_NaBr_h2o100_meoh00.png,scripts/fits/miac/water-methanol/miac/miac_water-methanol_5_NaBr_h2o100_meoh00.png,static_only,missing_html,static_only,,,fits/miac/water-methanol/miac/data/miac_water-methanol_5_NaBr_h2o100_meoh00_plot_data.csv,false,false,false,true,false,backfillable
fits/miac/water-methanol/miac/miac_water-methanol_5_NaBr_h2o10_meoh90.png,scripts/fits/miac/water-methanol/miac/miac_water-methanol_5_NaBr_h2o10_meoh90.png,static_only,missing_html,static_only,,,fits/miac/water-methanol/miac/data/miac_water-methanol_5_NaBr_h2o10_meoh90_plot_data.csv,false,false,false,true,false,backfillable
fits/miac/water-methanol/miac/miac_water-methanol_5_NaBr_h2o20_meoh80.png,scripts/fits/miac/water-methanol/miac/miac_water-methanol_5_NaBr_h2o20_meoh80.png,static_only,missing_html,static_only,,,fits/miac/water-methanol/miac/data/miac_water-methanol_5_NaBr_h2o20_meoh80_plot_data.csv,false,false,false,true,false,backfillable
fits/miac/water-methanol/miac/miac_water-methanol_5_NaBr_h2o40_meoh60.png,scripts/fits/miac/water-methanol/miac/miac_water-methanol_5_NaBr_h2o40_meoh60.png,static_only,missing_html,static_only,,,fits/miac/water-methanol/miac/data/miac_water-methanol_5_NaBr_h2o40_meoh60_plot_data.csv,false,false,false,true,false,backfillable
fits/miac/water-methanol/miac/miac_water-methanol_5_NaBr_h2o60_meoh40.png,scripts/fits/miac/water-methanol/miac/miac_water-methanol_5_NaBr_h2o60_meoh40.png,static_only,missing_html,static_only,,,fits/miac/water-methanol/miac/data/miac_water-methanol_5_NaBr_h2o60_meoh40_plot_data.csv,false,false,false,true,false,backfillable
fits/miac/water-methanol/miac/miac_water-methanol_5_NaBr_h2o80_meoh20.png,scripts/fits/miac/water-methanol/miac/miac_water-methanol_5_NaBr_h2o80_meoh20.png,static_only,missing_html,static_only,,,fits/miac/water-methanol/miac/data/miac_water-methanol_5_NaBr_h2o80_meoh20_plot_data.csv,false,false,false,true,false,backfillable
fits/miac/water-methanol/miac/miac_water-methanol_5_NaBr_h2o90_meoh10.png,scripts/fits/miac/water-methanol/miac/miac_water-methanol_5_NaBr_h2o90_meoh10.png,static_only,missing_html,static_only,,,fits/miac/water-methanol/miac/data/miac_water-methanol_5_NaBr_h2o90_meoh10_plot_data.csv,false,false,false,true,false,backfillable
fits/miac/water-methanol/miac_m/maic_m_water-methanol_4_NaCl_h2o31_meoh69.png,scripts/fits/miac/water-methanol/miac_m/maic_m_water-methanol_4_NaCl_h2o31_meoh69.png,static_only,missing_html,static_only,,,fits/miac/water-methanol/miac_m/data/maic_m_water-methanol_4_NaCl_h2o31_meoh69_plot_data.csv,false,false,false,true,false,backfillable
fits/miac/water-methanol/miac_m/maic_m_water-methanol_4_NaCl_h2o50_meoh50.png,scripts/fits/miac/water-methanol/miac_m/maic_m_water-methanol_4_NaCl_h2o50_meoh50.png,static_only,missing_html,static_only,,,fits/miac/water-methanol/miac_m/data/maic_m_water-methanol_4_NaCl_h2o50_meoh50_plot_data.csv,false,false,false,true,false,backfillable
fits/miac/water-methanol/miac_m/maic_m_water-methanol_5_NaBr_h2o00_meoh100.png,scripts/fits/miac/water-methanol/miac_m/maic_m_water-methanol_5_NaBr_h2o00_meoh100.png,static_only,missing_html,static_only,,,fits/miac/water-methanol/miac_m/data/maic_m_water-methanol_5_NaBr_h2o00_meoh100_plot_data.csv,false,false,false,true,false,backfillable
fits/miac/water-methanol/miac_m/maic_m_water-methanol_5_NaBr_h2o100_meoh00.png,scripts/fits/miac/water-methanol/miac_m/maic_m_water-methanol_5_NaBr_h2o100_meoh00.png,static_only,missing_html,static_only,,,fits/miac/water-methanol/miac_m/data/maic_m_water-methanol_5_NaBr_h2o100_meoh00_plot_data.csv,false,false,false,true,false,backfillable
fits/miac/water-methanol/miac_m/maic_m_water-methanol_5_NaBr_h2o10_meoh90.png,scripts/fits/miac/water-methanol/miac_m/maic_m_water-methanol_5_NaBr_h2o10_meoh90.png,static_only,missing_html,static_only,,,fits/miac/water-methanol/miac_m/data/maic_m_water-methanol_5_NaBr_h2o10_meoh90_plot_data.csv,false,false,false,true,false,backfillable
fits/miac/water-methanol/miac_m/maic_m_water-methanol_5_NaBr_h2o20_meoh80.png,scripts/fits/miac/water-methanol/miac_m/maic_m_water-methanol_5_NaBr_h2o20_meoh80.png,static_only,missing_html,static_only,,,fits/miac/water-methanol/miac_m/data/maic_m_water-methanol_5_NaBr_h2o20_meoh80_plot_data.csv,false,false,false,true,false,backfillable
fits/miac/water-methanol/miac_m/maic_m_water-methanol_5_NaBr_h2o40_meoh60.png,scripts/fits/miac/water-methanol/miac_m/maic_m_water-methanol_5_NaBr_h2o40_meoh60.png,static_only,missing_html,static_only,,,fits/miac/water-methanol/miac_m/data/maic_m_water-methanol_5_NaBr_h2o40_meoh60_plot_data.csv,false,false,false,true,false,backfillable
fits/miac/water-methanol/miac_m/maic_m_water-methanol_5_NaBr_h2o60_meoh40.png,scripts/fits/miac/water-methanol/miac_m/maic_m_water-methanol_5_NaBr_h2o60_meoh40.png,static_only,missing_html,static_only,,,fits/miac/water-methanol/miac_m/data/maic_m_water-methanol_5_NaBr_h2o60_meoh40_plot_data.csv,false,false,false,true,false,backfillable
fits/miac/water-methanol/miac_m/maic_m_water-methanol_5_NaBr_h2o80_meoh20.png,scripts/fits/miac/water-methanol/miac_m/maic_m_water-methanol_5_NaBr_h2o80_meoh20.png,static_only,missing_html,static_only,,,fits/miac/water-methanol/miac_m/data/maic_m_water-methanol_5_NaBr_h2o80_meoh20_plot_data.csv,false,false,false,true,false,backfillable
fits/miac/water-methanol/miac_m/maic_m_water-methanol_5_NaBr_h2o90_meoh10.png,scripts/fits/miac/water-methanol/miac_m/maic_m_water-methanol_5_NaBr_h2o90_meoh10.png,static_only,missing_html,static_only,,,fits/miac/water-methanol/miac_m/data/maic_m_water-methanol_5_NaBr_h2o90_meoh10_plot_data.csv,false,false,false,true,false,backfillable
fits/miac/water-methanol-ethanol/miac/miac_water-methanol-ethanol_4_NaCl_h2o76_meoh14_etoh10.png,scripts/fits/miac/water-methanol-ethanol/miac/miac_water-methanol-ethanol_4_NaCl_h2o76_meoh14_etoh10.png,static_only,missing_html,static_only,,,fits/miac/water-methanol-ethanol/miac/data/miac_water-methanol-ethanol_4_NaCl_h2o76_meoh14_etoh10_plot_data.csv,false,false,false,true,false,backfillable
fits/miac/water-methanol-ethanol/miac/miac_water-methanol-ethanol_4_NaCl_h2o77_meoh11_etoh13.png,scripts/fits/miac/water-methanol-ethanol/miac/miac_water-methanol-ethanol_4_NaCl_h2o77_meoh11_etoh13.png,static_only,missing_html,static_only,,,fits/miac/water-methanol-ethanol/miac/data/miac_water-methanol-ethanol_4_NaCl_h2o77_meoh11_etoh13_plot_data.csv,false,false,false,true,false,backfillable
fits/miac/water-methanol-ethanol/miac/miac_water-methanol-ethanol_4_NaCl_h2o78_meoh07_etoh15.png,scripts/fits/miac/water-methanol-ethanol/miac/miac_water-methanol-ethanol_4_NaCl_h2o78_meoh07_etoh15.png,static_only,missing_html,static_only,,,fits/miac/water-methanol-ethanol/miac/data/miac_water-methanol-ethanol_4_NaCl_h2o78_meoh07_etoh15_plot_data.csv,false,false,false,true,false,backfillable
fits/miac/water-methanol-ethanol/miac/miac_water-methanol-ethanol_4_NaCl_h2o83_meoh10_etoh07.png,scripts/fits/miac/water-methanol-ethanol/miac/miac_water-methanol-ethanol_4_NaCl_h2o83_meoh10_etoh07.png,static_only,missing_html,static_only,,,fits/miac/water-methanol-ethanol/miac/data/miac_water-methanol-ethanol_4_NaCl_h2o83_meoh10_etoh07_plot_data.csv,false,false,false,true,false,backfillable
fits/miac/water-methanol-ethanol/miac/miac_water-methanol-ethanol_4_NaCl_h2o89_meoh06_etoh04.png,scripts/fits/miac/water-methanol-ethanol/miac/miac_water-methanol-ethanol_4_NaCl_h2o89_meoh06_etoh04.png,static_only,missing_html,static_only,,,fits/miac/water-methanol-ethanol/miac/data/miac_water-methanol-ethanol_4_NaCl_h2o89_meoh06_etoh04_plot_data.csv,false,false,false,true,false,backfillable
fits/miac/water-methanol-ethanol/miac/miac_water-methanol-ethanol_4_NaCl_h2o92_meoh06_etoh02.png,scripts/fits/miac/water-methanol-ethanol/miac/miac_water-methanol-ethanol_4_NaCl_h2o92_meoh06_etoh02.png,static_only,missing_html,static_only,,,fits/miac/water-methanol-ethanol/miac/data/miac_water-methanol-ethanol_4_NaCl_h2o92_meoh06_etoh02_plot_data.csv,false,false,false,true,false,backfillable
fits/miac/water-methanol-ethanol/miac/miac_water-methanol-ethanol_4_NaCl_h2o93_meoh03_etoh04.png,scripts/fits/miac/water-methanol-ethanol/miac/miac_water-methanol-ethanol_4_NaCl_h2o93_meoh03_etoh04.png,static_only,missing_html,static_only,,,fits/miac/water-methanol-ethanol/miac/data/miac_water-methanol-ethanol_4_NaCl_h2o93_meoh03_etoh04_plot_data.csv,false,false,false,true,false,backfillable
fits/miac/water-methanol-ethanol/miac/miac_water-methanol-ethanol_4_NaCl_h2o95_meoh03_etoh02.png,scripts/fits/miac/water-methanol-ethanol/miac/miac_water-methanol-ethanol_4_NaCl_h2o95_meoh03_etoh02.png,static_only,missing_html,static_only,,,fits/miac/water-methanol-ethanol/miac/data/miac_water-methanol-ethanol_4_NaCl_h2o95_meoh03_etoh02_plot_data.csv,false,false,false,true,false,backfillable
fits/miac/water-methanol-ethanol/miac_m/maic_m_water-methanol-ethanol_4_NaCl_h2o76_meoh14_etoh10.png,scripts/fits/miac/water-methanol-ethanol/miac_m/maic_m_water-methanol-ethanol_4_NaCl_h2o76_meoh14_etoh10.png,static_only,missing_html,static_only,,,fits/miac/water-methanol-ethanol/miac_m/data/maic_m_water-methanol-ethanol_4_NaCl_h2o76_meoh14_etoh10_plot_data.csv,false,false,false,true,false,backfillable
fits/miac/water-methanol-ethanol/miac_m/maic_m_water-methanol-ethanol_4_NaCl_h2o77_meoh11_etoh13.png,scripts/fits/miac/water-methanol-ethanol/miac_m/maic_m_water-methanol-ethanol_4_NaCl_h2o77_meoh11_etoh13.png,static_only,missing_html,static_only,,,fits/miac/water-methanol-ethanol/miac_m/data/maic_m_water-methanol-ethanol_4_NaCl_h2o77_meoh11_etoh13_plot_data.csv,false,false,false,true,false,backfillable
fits/miac/water-methanol-ethanol/miac_m/maic_m_water-methanol-ethanol_4_NaCl_h2o78_meoh07_etoh15.png,scripts/fits/miac/water-methanol-ethanol/miac_m/maic_m_water-methanol-ethanol_4_NaCl_h2o78_meoh07_etoh15.png,static_only,missing_html,static_only,,,fits/miac/water-methanol-ethanol/miac_m/data/maic_m_water-methanol-ethanol_4_NaCl_h2o78_meoh07_etoh15_plot_data.csv,false,false,false,true,false,backfillable
fits/miac/water-methanol-ethanol/miac_m/maic_m_water-methanol-ethanol_4_NaCl_h2o83_meoh10_etoh07.png,scripts/fits/miac/water-methanol-ethanol/miac_m/maic_m_water-methanol-ethanol_4_NaCl_h2o83_meoh10_etoh07.png,static_only,missing_html,static_only,,,fits/miac/water-methanol-ethanol/miac_m/data/maic_m_water-methanol-ethanol_4_NaCl_h2o83_meoh10_etoh07_plot_data.csv,false,false,false,true,false,backfillable
fits/miac/water-methanol-ethanol/miac_m/maic_m_water-methanol-ethanol_4_NaCl_h2o89_meoh06_etoh04.png,scripts/fits/miac/water-methanol-ethanol/miac_m/maic_m_water-methanol-ethanol_4_NaCl_h2o89_meoh06_etoh04.png,static_only,missing_html,static_only,,,fits/miac/water-methanol-ethanol/miac_m/data/maic_m_water-methanol-ethanol_4_NaCl_h2o89_meoh06_etoh04_plot_data.csv,false,false,false,true,false,backfillable
fits/miac/water-methanol-ethanol/miac_m/maic_m_water-methanol-ethanol_4_NaCl_h2o92_meoh06_etoh02.png,scripts/fits/miac/water-methanol-ethanol/miac_m/maic_m_water-methanol-ethanol_4_NaCl_h2o92_meoh06_etoh02.png,static_only,missing_html,static_only,,,fits/miac/water-methanol-ethanol/miac_m/data/maic_m_water-methanol-ethanol_4_NaCl_h2o92_meoh06_etoh02_plot_data.csv,false,false,false,true,false,backfillable
fits/miac/water-methanol-ethanol/miac_m/maic_m_water-methanol-ethanol_4_NaCl_h2o93_meoh03_etoh04.png,scripts/fits/miac/water-methanol-ethanol/miac_m/maic_m_water-methanol-ethanol_4_NaCl_h2o93_meoh03_etoh04.png,static_only,missing_html,static_only,,,fits/miac/water-methanol-ethanol/miac_m/data/maic_m_water-methanol-ethanol_4_NaCl_h2o93_meoh03_etoh04_plot_data.csv,false,false,false,true,false,backfillable
fits/miac/water-methanol-ethanol/miac_m/maic_m_water-methanol-ethanol_4_NaCl_h2o95_meoh03_etoh02.png,scripts/fits/miac/water-methanol-ethanol/miac_m/maic_m_water-methanol-ethanol_4_NaCl_h2o95_meoh03_etoh02.png,static_only,missing_html,static_only,,,fits/miac/water-methanol-ethanol/miac_m/data/maic_m_water-methanol-ethanol_4_NaCl_h2o95_meoh03_etoh02_plot_data.csv,false,false,false,true,false,backfillable
fits/osmotic/water/validation_2014_repro_NaCl_KBr_fit.png,scripts/fits/osmotic/water/validation_2014_repro_NaCl_KBr_fit.png,static_only,missing_html,static_only,,,fits/osmotic/water/data/validation_2014_repro_NaCl_KBr_fit_plot_data.csv,false,false,false,true,false,backfillable
paper_validation/2012_Held/figure_2d/figure_2d.png,scripts/paper_validation/2012_Held_analysis/figure_2d/figure_2d.png,static_only,missing_html,static_only,,,paper_validation/2012_Held/figure_2d/data/figure_2d_plot_data.csv,false,false,false,true,false,backfillable
paper_validation/2012_Held/figure_2d/figure_2d_paper.png,scripts/paper_validation/2012_Held_analysis/figure_2d/figure_2d_paper.png,static_only,missing_html,static_only,,,paper_validation/2012_Held/figure_2d/data/figure_2d_paper_plot_data.csv,false,false,false,true,false,no_numeric_artists
paper_validation/2012_Held/figure_3/figure_3.png,scripts/paper_validation/2012_Held_analysis/figure_3/figure_3.png,static_only,missing_html,static_only,,,paper_validation/2012_Held/figure_3/data/figure_3_plot_data.csv,false,false,false,true,false,backfillable
paper_validation/2012_Held/figure_3/figure_3_paper.png,scripts/paper_validation/2012_Held_analysis/figure_3/figure_3_paper.png,static_only,missing_html,static_only,,,paper_validation/2012_Held/figure_3/data/figure_3_paper_plot_data.csv,false,false,false,true,false,no_numeric_artists
paper_validation/2012_Held/figure_5/figure_5.png,scripts/paper_validation/2012_Held_analysis/figure_5/figure_5.png,static_only,missing_html,static_only,,,paper_validation/2012_Held/figure_5/data/figure_5_plot_data.csv,false,false,false,true,false,backfillable
paper_validation/2012_Held/figure_5/figure_5_paper.png,scripts/paper_validation/2012_Held_analysis/figure_5/figure_5_paper.png,static_only,missing_html,static_only,,,paper_validation/2012_Held/figure_5/data/figure_5_paper_plot_data.csv,false,false,false,true,false,no_numeric_artists
paper_validation/2012_Held/figure_6/figure_6.png,scripts/paper_validation/2012_Held_analysis/figure_6/figure_6.png,static_only,missing_html,static_only,,,paper_validation/2012_Held/figure_6/data/figure_6_plot_data.csv,false,false,false,true,false,backfillable
paper_validation/2012_Held/figure_6/figure_6_m5_diagnostic.png,scripts/paper_validation/2012_Held_analysis/figure_6/figure_6_m5_diagnostic.png,static_only,missing_html,static_only,,,paper_validation/2012_Held/figure_6/data/figure_6_m5_diagnostic_plot_data.csv,false,false,false,true,false,no_numeric_artists
paper_validation/2012_Held/figure_6/figure_6_paper.png,scripts/paper_validation/2012_Held_analysis/figure_6/figure_6_paper.png,static_only,missing_html,static_only,,,paper_validation/2012_Held/figure_6/data/figure_6_paper_plot_data.csv,false,false,false,true,false,no_numeric_artists
paper_validation/2012_Held/figure_7/figure_7.png,scripts/paper_validation/2012_Held_analysis/figure_7/figure_7.png,static_only,missing_html,static_only,,,paper_validation/2012_Held/figure_7/data/figure_7_plot_data.csv,false,false,false,true,false,backfillable
paper_validation/2012_Held/figure_7/figure_7_paper.png,scripts/paper_validation/2012_Held_analysis/figure_7/figure_7_paper.png,static_only,missing_html,static_only,,,paper_validation/2012_Held/figure_7/data/figure_7_paper_plot_data.csv,false,false,false,true,false,no_numeric_artists
paper_validation/2014_Held/figure_1/figure_1.png,scripts/paper_validation/2014_Held_analysis/figure_1/figure_1.png,static_only,missing_html,static_only,,,paper_validation/2014_Held/figure_1/data/figure_1_plot_data.csv,false,false,false,true,false,backfillable
paper_validation/2014_Held/figure_2/figure_2.png,scripts/paper_validation/2014_Held_analysis/figure_2/figure_2.png,static_only,missing_html,static_only,,,paper_validation/2014_Held/figure_2/data/figure_2_plot_data.csv,false,false,false,true,false,backfillable
paper_validation/2014_Held/figure_3/figure_3.png,scripts/paper_validation/2014_Held_analysis/figure_3/figure_3.png,static_only,missing_html,static_only,,,paper_validation/2014_Held/figure_3/data/figure_3_plot_data.csv,false,false,false,true,false,backfillable
paper_validation/2014_Held/figure_4/figure_4a.png,scripts/paper_validation/2014_Held_analysis/figure_4/figure_4a.png,static_only,missing_html,static_only,,,paper_validation/2014_Held/figure_4/data/figure_4a_plot_data.csv,false,false,false,true,false,backfillable
paper_validation/2014_Held/figure_4/figure_4b.png,scripts/paper_validation/2014_Held_analysis/figure_4/figure_4b.png,static_only,missing_html,static_only,,,paper_validation/2014_Held/figure_4/data/figure_4b_plot_data.csv,false,false,false,true,false,backfillable
paper_validation/2014_Held/figure_5/figure_5.png,scripts/paper_validation/2014_Held_analysis/figure_5/figure_5.png,static_only,missing_html,static_only,,,paper_validation/2014_Held/figure_5/data/figure_5_plot_data.csv,false,false,false,true,false,backfillable
paper_validation/2014_Held/figure_6/figure_6a.png,scripts/paper_validation/2014_Held_analysis/figure_6/figure_6a.png,static_only,missing_html,static_only,,,paper_validation/2014_Held/figure_6/data/figure_6a_plot_data.csv,false,false,false,true,false,no_numeric_artists
paper_validation/2014_Held/figure_6/figure_6b.png,scripts/paper_validation/2014_Held_analysis/figure_6/figure_6b.png,static_only,missing_html,static_only,,,paper_validation/2014_Held/figure_6/data/figure_6b_plot_data.csv,false,false,false,true,false,no_numeric_artists
paper_validation/2019_Bulow/figure_1/figure_1.png,scripts/paper_validation/2019_Bulow_analysis/figure_1/figure_1.png,static_only,missing_html,static_only,,,paper_validation/2019_Bulow/figure_1/data/figure_1_plot_data.csv,false,false,false,true,false,backfillable
paper_validation/2019_Bulow/figure_2/diagnostics/figure2a_candidate_overlay.png,scripts/paper_validation/2019_Bulow_analysis/figure_2/diagnostics/figure2a_candidate_overlay.png,static_only,missing_html,static_only,,,paper_validation/2019_Bulow/figure_2/diagnostics/data/figure2a_candidate_overlay_plot_data.csv,false,false,false,true,false,no_numeric_artists
paper_validation/2019_Bulow/figure_2/diagnostics/figure2b_candidate_overlay.png,scripts/paper_validation/2019_Bulow_analysis/figure_2/diagnostics/figure2b_candidate_overlay.png,static_only,missing_html,static_only,,,paper_validation/2019_Bulow/figure_2/diagnostics/data/figure2b_candidate_overlay_plot_data.csv,false,false,false,true,false,no_numeric_artists
paper_validation/2019_Bulow/figure_2/figure_2.png,scripts/paper_validation/2019_Bulow_analysis/figure_2/figure_2.png,static_only,missing_html,static_only,,,paper_validation/2019_Bulow/figure_2/data/figure_2_plot_data.csv,false,false,false,true,false,backfillable
paper_validation/2019_Bulow/figure_2/figure_2a.png,scripts/paper_validation/2019_Bulow_analysis/figure_2/figure_2a.png,static_only,missing_html,static_only,,,paper_validation/2019_Bulow/figure_2/data/figure_2a_plot_data.csv,false,false,false,true,false,backfillable
paper_validation/2019_Bulow/figure_2/figure_2a_fullrange.png,scripts/paper_validation/2019_Bulow_analysis/figure_2/figure_2a_fullrange.png,static_only,missing_html,static_only,,,paper_validation/2019_Bulow/figure_2/data/figure_2a_fullrange_plot_data.csv,false,false,false,true,false,backfillable
paper_validation/2019_Bulow/figure_2/figure_2b.png,scripts/paper_validation/2019_Bulow_analysis/figure_2/figure_2b.png,static_only,missing_html,static_only,,,paper_validation/2019_Bulow/figure_2/data/figure_2b_plot_data.csv,false,false,false,true,false,backfillable
paper_validation/2019_Bulow/figure_2/figure_2b_fullrange.png,scripts/paper_validation/2019_Bulow_analysis/figure_2/figure_2b_fullrange.png,static_only,missing_html,static_only,,,paper_validation/2019_Bulow/figure_2/data/figure_2b_fullrange_plot_data.csv,false,false,false,true,false,backfillable
paper_validation/2019_Bulow/figure_3/figure_3.png,scripts/paper_validation/2019_Bulow_analysis/figure_3/figure_3.png,static_only,missing_html,static_only,,,paper_validation/2019_Bulow/figure_3/data/figure_3_plot_data.csv,false,false,false,true,false,no_numeric_artists
paper_validation/2019_Bulow/figure_4/figure_4.png,scripts/paper_validation/2019_Bulow_analysis/figure_4/figure_4.png,static_only,missing_html,static_only,,,paper_validation/2019_Bulow/figure_4/data/figure_4_plot_data.csv,false,false,false,true,false,no_supported_rows
paper_validation/2019_Bulow/figure_5/figure_5.png,scripts/paper_validation/2019_Bulow_analysis/figure_5/figure_5.png,static_only,missing_html,static_only,,,paper_validation/2019_Bulow/figure_5/data/figure_5_plot_data.csv,false,false,false,true,false,no_numeric_artists
paper_validation/2019_Bulow/figure_6/figure_6a.png,scripts/paper_validation/2019_Bulow_analysis/figure_6/figure_6a.png,static_only,missing_html,static_only,,,paper_validation/2019_Bulow/figure_6/data/figure_6a_plot_data.csv,false,false,false,true,false,no_numeric_artists
paper_validation/2019_Bulow/figure_6/figure_6b.png,scripts/paper_validation/2019_Bulow_analysis/figure_6/figure_6b.png,static_only,missing_html,static_only,,,paper_validation/2019_Bulow/figure_6/data/figure_6b_plot_data.csv,false,false,false,true,false,no_numeric_artists
paper_validation/2019_Bulow/figure_7/figure_7.png,scripts/paper_validation/2019_Bulow_analysis/figure_7/figure_7.png,static_only,missing_html,static_only,,,paper_validation/2019_Bulow/figure_7/data/figure_7_plot_data.csv,false,false,false,true,false,no_supported_rows
paper_validation/2020_Bulow/figure_2/figure_2.png,scripts/paper_validation/2020_Bulow_analysis/figure_2/figure_2.png,static_only,missing_html,static_only,,,paper_validation/2020_Bulow/figure_2/data/figure_2_plot_data.csv,false,false,false,true,false,backfillable
paper_validation/2020_Bulow/figure_3/figure_3_assoc.png,scripts/paper_validation/2020_Bulow_analysis/figure_3/figure_3_assoc.png,static_only,missing_html,static_only,,,paper_validation/2020_Bulow/figure_3/data/figure_3_assoc_plot_data.csv,false,false,false,true,false,backfillable
paper_validation/2020_Bulow/figure_3/figure_3_born.png,scripts/paper_validation/2020_Bulow_analysis/figure_3/figure_3_born.png,static_only,missing_html,static_only,,,paper_validation/2020_Bulow/figure_3/data/figure_3_born_plot_data.csv,false,false,false,true,false,backfillable
paper_validation/2020_Bulow/figure_3/figure_3_comprehensive.png,scripts/paper_validation/2020_Bulow_analysis/figure_3/figure_3_comprehensive.png,static_only,missing_html,static_only,,,paper_validation/2020_Bulow/figure_3/data/figure_3_comprehensive_plot_data.csv,false,false,false,true,false,backfillable
paper_validation/2020_Bulow/figure_3/figure_3_dh.png,scripts/paper_validation/2020_Bulow_analysis/figure_3/figure_3_dh.png,static_only,missing_html,static_only,,,paper_validation/2020_Bulow/figure_3/data/figure_3_dh_plot_data.csv,false,false,false,true,false,backfillable
paper_validation/2020_Bulow/figure_3/figure_3_disp.png,scripts/paper_validation/2020_Bulow_analysis/figure_3/figure_3_disp.png,static_only,missing_html,static_only,,,paper_validation/2020_Bulow/figure_3/data/figure_3_disp_plot_data.csv,false,false,false,true,false,backfillable
paper_validation/2020_Bulow/figure_3/figure_3_hc.png,scripts/paper_validation/2020_Bulow_analysis/figure_3/figure_3_hc.png,static_only,missing_html,static_only,,,paper_validation/2020_Bulow/figure_3/data/figure_3_hc_plot_data.csv,false,false,false,true,false,backfillable
paper_validation/2020_Bulow/figure_3/figure_3_total.png,scripts/paper_validation/2020_Bulow_analysis/figure_3/figure_3_total.png,static_only,missing_html,static_only,,,paper_validation/2020_Bulow/figure_3/data/figure_3_total_plot_data.csv,false,false,false,true,false,backfillable
paper_validation/2020_Bulow/figure_3/figure_3_zquotient_total.png,scripts/paper_validation/2020_Bulow_analysis/figure_3/figure_3_zquotient_total.png,static_only,missing_html,static_only,,,paper_validation/2020_Bulow/figure_3/data/figure_3_zquotient_total_plot_data.csv,false,false,false,true,false,backfillable
paper_validation/2020_Bulow/figure_4/figure_4a.png,scripts/paper_validation/2020_Bulow_analysis/figure_4/figure_4a.png,static_only,missing_html,static_only,,,paper_validation/2020_Bulow/figure_4/data/figure_4a_plot_data.csv,false,false,false,true,false,backfillable
paper_validation/2020_Bulow/figure_4/figure_4b.png,scripts/paper_validation/2020_Bulow_analysis/figure_4/figure_4b.png,static_only,missing_html,static_only,,,paper_validation/2020_Bulow/figure_4/data/figure_4b_plot_data.csv,false,false,false,true,false,backfillable
paper_validation/2020_Bulow/figure_5/figure_5a_assoc.png,scripts/paper_validation/2020_Bulow_analysis/figure_5/figure_5a_assoc.png,static_only,missing_html,static_only,,,paper_validation/2020_Bulow/figure_5/data/figure_5a_assoc_plot_data.csv,false,false,false,true,false,backfillable
paper_validation/2020_Bulow/figure_5/figure_5a_born.png,scripts/paper_validation/2020_Bulow_analysis/figure_5/figure_5a_born.png,static_only,missing_html,static_only,,,paper_validation/2020_Bulow/figure_5/data/figure_5a_born_plot_data.csv,false,false,false,true,false,backfillable
paper_validation/2020_Bulow/figure_5/figure_5a_dh.png,scripts/paper_validation/2020_Bulow_analysis/figure_5/figure_5a_dh.png,static_only,missing_html,static_only,,,paper_validation/2020_Bulow/figure_5/data/figure_5a_dh_plot_data.csv,false,false,false,true,false,backfillable
paper_validation/2020_Bulow/figure_5/figure_5a_disp.png,scripts/paper_validation/2020_Bulow_analysis/figure_5/figure_5a_disp.png,static_only,missing_html,static_only,,,paper_validation/2020_Bulow/figure_5/data/figure_5a_disp_plot_data.csv,false,false,false,true,false,backfillable
paper_validation/2020_Bulow/figure_5/figure_5a_hc.png,scripts/paper_validation/2020_Bulow_analysis/figure_5/figure_5a_hc.png,static_only,missing_html,static_only,,,paper_validation/2020_Bulow/figure_5/data/figure_5a_hc_plot_data.csv,false,false,false,true,false,backfillable
paper_validation/2020_Bulow/figure_5/figure_5a_total.png,scripts/paper_validation/2020_Bulow_analysis/figure_5/figure_5a_total.png,static_only,missing_html,static_only,,,paper_validation/2020_Bulow/figure_5/data/figure_5a_total_plot_data.csv,false,false,false,true,false,backfillable
paper_validation/2020_Bulow/figure_5/figure_5b_assoc.png,scripts/paper_validation/2020_Bulow_analysis/figure_5/figure_5b_assoc.png,static_only,missing_html,static_only,,,paper_validation/2020_Bulow/figure_5/data/figure_5b_assoc_plot_data.csv,false,false,false,true,false,backfillable
paper_validation/2020_Bulow/figure_5/figure_5b_born.png,scripts/paper_validation/2020_Bulow_analysis/figure_5/figure_5b_born.png,static_only,missing_html,static_only,,,paper_validation/2020_Bulow/figure_5/data/figure_5b_born_plot_data.csv,false,false,false,true,false,backfillable
paper_validation/2020_Bulow/figure_5/figure_5b_dh.png,scripts/paper_validation/2020_Bulow_analysis/figure_5/figure_5b_dh.png,static_only,missing_html,static_only,,,paper_validation/2020_Bulow/figure_5/data/figure_5b_dh_plot_data.csv,false,false,false,true,false,backfillable
paper_validation/2020_Bulow/figure_5/figure_5b_disp.png,scripts/paper_validation/2020_Bulow_analysis/figure_5/figure_5b_disp.png,static_only,missing_html,static_only,,,paper_validation/2020_Bulow/figure_5/data/figure_5b_disp_plot_data.csv,false,false,false,true,false,backfillable
paper_validation/2020_Bulow/figure_5/figure_5b_hc.png,scripts/paper_validation/2020_Bulow_analysis/figure_5/figure_5b_hc.png,static_only,missing_html,static_only,,,paper_validation/2020_Bulow/figure_5/data/figure_5b_hc_plot_data.csv,false,false,false,true,false,backfillable
paper_validation/2020_Bulow/figure_5/figure_5b_total.png,scripts/paper_validation/2020_Bulow_analysis/figure_5/figure_5b_total.png,static_only,missing_html,static_only,,,paper_validation/2020_Bulow/figure_5/data/figure_5b_total_plot_data.csv,false,false,false,true,false,backfillable
paper_validation/2020_Bulow/figure_6/figure_6a/figure_6a.png,scripts/paper_validation/2020_Bulow_analysis/figure_6/figure_6a/figure_6a.png,static_only,missing_html,static_only,,,paper_validation/2020_Bulow/figure_6/figure_6a/data/figure_6a_plot_data.csv,false,false,false,true,false,no_numeric_artists
paper_validation/2020_Bulow/figure_6/figure_6b/diagnostics/output/plots/figure6b_density_scan_rmse.png,scripts/paper_validation/2020_Bulow_analysis/figure_6/figure_6b/diagnostics/output/plots/figure6b_density_scan_rmse.png,static_only,missing_html,static_only,,,paper_validation/2020_Bulow/figure_6/figure_6b/diagnostics/output/plots/data/figure6b_density_scan_rmse_plot_data.csv,false,false,false,true,false,no_numeric_artists
paper_validation/2020_Bulow/figure_6/figure_6b/diagnostics/output/plots/figure6b_digitized_reference_replica.png,scripts/paper_validation/2020_Bulow_analysis/figure_6/figure_6b/diagnostics/output/plots/figure6b_digitized_reference_replica.png,static_only,missing_html,static_only,,,paper_validation/2020_Bulow/figure_6/figure_6b/diagnostics/output/plots/data/figure6b_digitized_reference_replica_plot_data.csv,false,false,false,true,false,no_numeric_artists
paper_validation/2020_Bulow/figure_6/figure_6b/diagnostics/output/plots/figure6b_fit_checks/figure6b_fit_association.png,scripts/paper_validation/2020_Bulow_analysis/figure_6/figure_6b/diagnostics/output/plots/figure6b_fit_checks/figure6b_fit_association.png,static_only,missing_html,static_only,,,paper_validation/2020_Bulow/figure_6/figure_6b/diagnostics/output/plots/figure6b_fit_checks/data/figure6b_fit_association_plot_data.csv,false,false,false,true,false,no_numeric_artists
paper_validation/2020_Bulow/figure_6/figure_6b/diagnostics/output/plots/figure6b_fit_checks/figure6b_fit_born.png,scripts/paper_validation/2020_Bulow_analysis/figure_6/figure_6b/diagnostics/output/plots/figure6b_fit_checks/figure6b_fit_born.png,static_only,missing_html,static_only,,,paper_validation/2020_Bulow/figure_6/figure_6b/diagnostics/output/plots/figure6b_fit_checks/data/figure6b_fit_born_plot_data.csv,false,false,false,true,false,no_numeric_artists
paper_validation/2020_Bulow/figure_6/figure_6b/diagnostics/output/plots/figure6b_fit_checks/figure6b_fit_dh.png,scripts/paper_validation/2020_Bulow_analysis/figure_6/figure_6b/diagnostics/output/plots/figure6b_fit_checks/figure6b_fit_dh.png,static_only,missing_html,static_only,,,paper_validation/2020_Bulow/figure_6/figure_6b/diagnostics/output/plots/figure6b_fit_checks/data/figure6b_fit_dh_plot_data.csv,false,false,false,true,false,no_numeric_artists
paper_validation/2020_Bulow/figure_6/figure_6b/diagnostics/output/plots/figure6b_fit_checks/figure6b_fit_dispersion.png,scripts/paper_validation/2020_Bulow_analysis/figure_6/figure_6b/diagnostics/output/plots/figure6b_fit_checks/figure6b_fit_dispersion.png,static_only,missing_html,static_only,,,paper_validation/2020_Bulow/figure_6/figure_6b/diagnostics/output/plots/figure6b_fit_checks/data/figure6b_fit_dispersion_plot_data.csv,false,false,false,true,false,no_numeric_artists
paper_validation/2020_Bulow/figure_6/figure_6b/diagnostics/output/plots/figure6b_fit_checks/figure6b_fit_hard_chain.png,scripts/paper_validation/2020_Bulow_analysis/figure_6/figure_6b/diagnostics/output/plots/figure6b_fit_checks/figure6b_fit_hard_chain.png,static_only,missing_html,static_only,,,paper_validation/2020_Bulow/figure_6/figure_6b/diagnostics/output/plots/figure6b_fit_checks/data/figure6b_fit_hard_chain_plot_data.csv,false,false,false,true,false,no_numeric_artists
paper_validation/2020_Bulow/figure_6/figure_6b/diagnostics/output/plots/figure6b_fit_checks/figure6b_fit_total.png,scripts/paper_validation/2020_Bulow_analysis/figure_6/figure_6b/diagnostics/output/plots/figure6b_fit_checks/figure6b_fit_total.png,static_only,missing_html,static_only,,,paper_validation/2020_Bulow/figure_6/figure_6b/diagnostics/output/plots/figure6b_fit_checks/data/figure6b_fit_total_plot_data.csv,false,false,false,true,false,no_numeric_artists
paper_validation/2020_Bulow/figure_6/figure_6b/diagnostics/output/plots/figure6b_fit_checks_best_scalar_zfits/figure6b_adjusted_fit_association.png,scripts/paper_validation/2020_Bulow_analysis/figure_6/figure_6b/diagnostics/output/plots/figure6b_fit_checks_best_scalar_zfits/figure6b_adjusted_fit_association.png,static_only,missing_html,static_only,,,paper_validation/2020_Bulow/figure_6/figure_6b/diagnostics/output/plots/figure6b_fit_checks_best_scalar_zfits/data/figure6b_adjusted_fit_association_plot_data.csv,false,false,false,true,false,no_numeric_artists
paper_validation/2020_Bulow/figure_6/figure_6b/diagnostics/output/plots/figure6b_fit_checks_best_scalar_zfits/figure6b_adjusted_fit_born.png,scripts/paper_validation/2020_Bulow_analysis/figure_6/figure_6b/diagnostics/output/plots/figure6b_fit_checks_best_scalar_zfits/figure6b_adjusted_fit_born.png,static_only,missing_html,static_only,,,paper_validation/2020_Bulow/figure_6/figure_6b/diagnostics/output/plots/figure6b_fit_checks_best_scalar_zfits/data/figure6b_adjusted_fit_born_plot_data.csv,false,false,false,true,false,no_numeric_artists
paper_validation/2020_Bulow/figure_6/figure_6b/diagnostics/output/plots/figure6b_fit_checks_best_scalar_zfits/figure6b_adjusted_fit_dh.png,scripts/paper_validation/2020_Bulow_analysis/figure_6/figure_6b/diagnostics/output/plots/figure6b_fit_checks_best_scalar_zfits/figure6b_adjusted_fit_dh.png,static_only,missing_html,static_only,,,paper_validation/2020_Bulow/figure_6/figure_6b/diagnostics/output/plots/figure6b_fit_checks_best_scalar_zfits/data/figure6b_adjusted_fit_dh_plot_data.csv,false,false,false,true,false,no_numeric_artists
paper_validation/2020_Bulow/figure_6/figure_6b/diagnostics/output/plots/figure6b_fit_checks_best_scalar_zfits/figure6b_adjusted_fit_dispersion.png,scripts/paper_validation/2020_Bulow_analysis/figure_6/figure_6b/diagnostics/output/plots/figure6b_fit_checks_best_scalar_zfits/figure6b_adjusted_fit_dispersion.png,static_only,missing_html,static_only,,,paper_validation/2020_Bulow/figure_6/figure_6b/diagnostics/output/plots/figure6b_fit_checks_best_scalar_zfits/data/figure6b_adjusted_fit_dispersion_plot_data.csv,false,false,false,true,false,no_numeric_artists
paper_validation/2020_Bulow/figure_6/figure_6b/diagnostics/output/plots/figure6b_fit_checks_best_scalar_zfits/figure6b_adjusted_fit_hard_chain.png,scripts/paper_validation/2020_Bulow_analysis/figure_6/figure_6b/diagnostics/output/plots/figure6b_fit_checks_best_scalar_zfits/figure6b_adjusted_fit_hard_chain.png,static_only,missing_html,static_only,,,paper_validation/2020_Bulow/figure_6/figure_6b/diagnostics/output/plots/figure6b_fit_checks_best_scalar_zfits/data/figure6b_adjusted_fit_hard_chain_plot_data.csv,false,false,false,true,false,no_numeric_artists
paper_validation/2020_Bulow/figure_6/figure_6b/diagnostics/output/plots/figure6b_libr_ethanol_2020_contributions.png,scripts/paper_validation/2020_Bulow_analysis/figure_6/figure_6b/diagnostics/output/plots/figure6b_libr_ethanol_2020_contributions.png,static_only,missing_html,static_only,,,paper_validation/2020_Bulow/figure_6/figure_6b/diagnostics/output/plots/data/figure6b_libr_ethanol_2020_contributions_plot_data.csv,false,false,false,true,false,no_numeric_artists
paper_validation/2020_Bulow/figure_6/figure_6b/diagnostics/output/plots/figure6b_relperm_rule7_comparison.png,scripts/paper_validation/2020_Bulow_analysis/figure_6/figure_6b/diagnostics/output/plots/figure6b_relperm_rule7_comparison.png,static_only,missing_html,static_only,,,paper_validation/2020_Bulow/figure_6/figure_6b/diagnostics/output/plots/data/figure6b_relperm_rule7_comparison_plot_data.csv,false,false,false,true,false,no_numeric_artists
paper_validation/2020_Bulow/figure_6/figure_6b/figure6b_paper.png,scripts/paper_validation/2020_Bulow_analysis/figure_6/figure_6b/figure6b_paper.png,static_only,missing_html,static_only,,,paper_validation/2020_Bulow/figure_6/figure_6b/data/figure6b_paper_plot_data.csv,false,false,false,true,false,no_numeric_artists
paper_validation/2020_Bulow/figure_6/figure_6b/figure_6b.png,scripts/paper_validation/2020_Bulow_analysis/figure_6/figure_6b/figure_6b.png,static_only,missing_html,static_only,,,paper_validation/2020_Bulow/figure_6/figure_6b/data/figure_6b_plot_data.csv,false,false,false,true,false,backfillable
paper_validation/2020_Bulow/figure_7/diagnostics/figure7a_li_br_scan.png,scripts/paper_validation/2020_Bulow_analysis/figure_7/diagnostics/figure7a_li_br_scan.png,static_only,missing_html,static_only,,,paper_validation/2020_Bulow/figure_7/diagnostics/data/figure7a_li_br_scan_plot_data.csv,false,false,false,true,false,no_numeric_artists
paper_validation/2020_Bulow/figure_7/diagnostics/figure7a_li_solvent_scan.png,scripts/paper_validation/2020_Bulow_analysis/figure_7/diagnostics/figure7a_li_solvent_scan.png,static_only,missing_html,static_only,,,paper_validation/2020_Bulow/figure_7/diagnostics/data/figure7a_li_solvent_scan_plot_data.csv,false,false,false,true,false,no_numeric_artists
paper_validation/2020_Bulow/figure_7/diagnostics/figure7c_li_solvent_scan.png,scripts/paper_validation/2020_Bulow_analysis/figure_7/diagnostics/figure7c_li_solvent_scan.png,static_only,missing_html,static_only,,,paper_validation/2020_Bulow/figure_7/diagnostics/data/figure7c_li_solvent_scan_plot_data.csv,false,false,false,true,false,no_numeric_artists
paper_validation/2020_Bulow/figure_7/diagnostics/figure_7a_relperm_rule7.png,scripts/paper_validation/2020_Bulow_analysis/figure_7/diagnostics/figure_7a_relperm_rule7.png,static_only,missing_html,static_only,,,paper_validation/2020_Bulow/figure_7/diagnostics/data/figure_7a_relperm_rule7_plot_data.csv,false,false,false,true,false,no_numeric_artists
paper_validation/2020_Bulow/figure_7/diagnostics/figure_7a_relperm_scan.png,scripts/paper_validation/2020_Bulow_analysis/figure_7/diagnostics/figure_7a_relperm_scan.png,static_only,missing_html,static_only,,,paper_validation/2020_Bulow/figure_7/diagnostics/data/figure_7a_relperm_scan_plot_data.csv,false,false,false,true,false,no_numeric_artists
paper_validation/2020_Bulow/figure_7/diagnostics/figure_7b_relperm_rule7.png,scripts/paper_validation/2020_Bulow_analysis/figure_7/diagnostics/figure_7b_relperm_rule7.png,static_only,missing_html,static_only,,,paper_validation/2020_Bulow/figure_7/diagnostics/data/figure_7b_relperm_rule7_plot_data.csv,false,false,false,true,false,no_numeric_artists
paper_validation/2020_Bulow/figure_7/diagnostics/figure_7b_relperm_scan.png,scripts/paper_validation/2020_Bulow_analysis/figure_7/diagnostics/figure_7b_relperm_scan.png,static_only,missing_html,static_only,,,paper_validation/2020_Bulow/figure_7/diagnostics/data/figure_7b_relperm_scan_plot_data.csv,false,false,false,true,false,no_numeric_artists
paper_validation/2020_Bulow/figure_7/diagnostics/figure_7c_relperm_rule7.png,scripts/paper_validation/2020_Bulow_analysis/figure_7/diagnostics/figure_7c_relperm_rule7.png,static_only,missing_html,static_only,,,paper_validation/2020_Bulow/figure_7/diagnostics/data/figure_7c_relperm_rule7_plot_data.csv,false,false,false,true,false,no_numeric_artists
paper_validation/2020_Bulow/figure_7/diagnostics/figure_7c_relperm_scan.png,scripts/paper_validation/2020_Bulow_analysis/figure_7/diagnostics/figure_7c_relperm_scan.png,static_only,missing_html,static_only,,,paper_validation/2020_Bulow/figure_7/diagnostics/data/figure_7c_relperm_scan_plot_data.csv,false,false,false,true,false,no_numeric_artists
paper_validation/2020_Bulow/figure_7/diagnostics/figure_7d_relperm_rule7.png,scripts/paper_validation/2020_Bulow_analysis/figure_7/diagnostics/figure_7d_relperm_rule7.png,static_only,missing_html,static_only,,,paper_validation/2020_Bulow/figure_7/diagnostics/data/figure_7d_relperm_rule7_plot_data.csv,false,false,false,true,false,no_numeric_artists
paper_validation/2020_Bulow/figure_7/diagnostics/figure_7d_relperm_scan.png,scripts/paper_validation/2020_Bulow_analysis/figure_7/diagnostics/figure_7d_relperm_scan.png,static_only,missing_html,static_only,,,paper_validation/2020_Bulow/figure_7/diagnostics/data/figure_7d_relperm_scan_plot_data.csv,false,false,false,true,false,no_numeric_artists
paper_validation/2020_Bulow/figure_7/figure_7a.png,scripts/paper_validation/2020_Bulow_analysis/figure_7/figure_7a.png,static_only,missing_html,static_only,,,paper_validation/2020_Bulow/figure_7/data/figure_7a_plot_data.csv,false,false,false,true,false,backfillable
paper_validation/2020_Bulow/figure_7/figure_7b.png,scripts/paper_validation/2020_Bulow_analysis/figure_7/figure_7b.png,static_only,missing_html,static_only,,,paper_validation/2020_Bulow/figure_7/data/figure_7b_plot_data.csv,false,false,false,true,false,backfillable
paper_validation/2020_Bulow/figure_7/figure_7c.png,scripts/paper_validation/2020_Bulow_analysis/figure_7/figure_7c.png,static_only,missing_html,static_only,,,paper_validation/2020_Bulow/figure_7/data/figure_7c_plot_data.csv,false,false,false,true,false,backfillable
paper_validation/2020_Bulow/figure_7/figure_7d.png,scripts/paper_validation/2020_Bulow_analysis/figure_7/figure_7d.png,static_only,missing_html,static_only,,,paper_validation/2020_Bulow/figure_7/data/figure_7d_plot_data.csv,false,false,false,true,false,backfillable
paper_validation/2025_Figiel/figure_4/figure_4.png,scripts/paper_validation/2025_Figiel_analysis/figure_4/figure_4.png,static_only,missing_html,static_only,,,paper_validation/2025_Figiel/figure_4/data/figure_4_plot_data.csv,false,false,false,true,false,backfillable
paper_validation/2025_Figiel/figure_4/figure_4_combined.png,scripts/paper_validation/2025_Figiel_analysis/figure_4/figure_4_combined.png,static_only,missing_html,static_only,,,paper_validation/2025_Figiel/figure_4/data/figure_4_combined_plot_data.csv,false,false,false,true,false,backfillable
paper_validation/2025_Figiel/figure_4/figure_4a.png,scripts/paper_validation/2025_Figiel_analysis/figure_4/figure_4a.png,static_only,missing_html,static_only,,,paper_validation/2025_Figiel/figure_4/data/figure_4a_plot_data.csv,false,false,false,true,false,backfillable
paper_validation/2025_Figiel/figure_4/figure_4b.png,scripts/paper_validation/2025_Figiel_analysis/figure_4/figure_4b.png,static_only,missing_html,static_only,,,paper_validation/2025_Figiel/figure_4/data/figure_4b_plot_data.csv,false,false,false,true,false,backfillable
paper_validation/2025_Figiel/figure_5/figure_5.png,scripts/paper_validation/2025_Figiel_analysis/figure_5/figure_5.png,static_only,missing_html,static_only,,,paper_validation/2025_Figiel/figure_5/data/figure_5_plot_data.csv,false,false,false,true,false,backfillable
paper_validation/2025_Figiel/figure_5/figure_5a.png,scripts/paper_validation/2025_Figiel_analysis/figure_5/figure_5a.png,static_only,missing_html,static_only,,,paper_validation/2025_Figiel/figure_5/data/figure_5a_plot_data.csv,false,false,false,true,false,backfillable
paper_validation/2025_Figiel/figure_5/figure_5b.png,scripts/paper_validation/2025_Figiel_analysis/figure_5/figure_5b.png,static_only,missing_html,static_only,,,paper_validation/2025_Figiel/figure_5/data/figure_5b_plot_data.csv,false,false,false,true,false,backfillable
paper_validation/2025_Figiel/figure_6/figure_6.png,scripts/paper_validation/2025_Figiel_analysis/figure_6/figure_6.png,static_only,missing_html,static_only,,,paper_validation/2025_Figiel/figure_6/data/figure_6_plot_data.csv,false,false,false,true,false,backfillable
paper_validation/2025_Figiel/figure_6/figure_6_ethanol.png,scripts/paper_validation/2025_Figiel_analysis/figure_6/figure_6_ethanol.png,static_only,missing_html,static_only,,,paper_validation/2025_Figiel/figure_6/data/figure_6_ethanol_plot_data.csv,false,false,false,true,false,backfillable
paper_validation/2025_Figiel/figure_6/figure_6_methanol.png,scripts/paper_validation/2025_Figiel_analysis/figure_6/figure_6_methanol.png,static_only,missing_html,static_only,,,paper_validation/2025_Figiel/figure_6/data/figure_6_methanol_plot_data.csv,false,false,false,true,false,backfillable
paper_validation/2025_Figiel/figure_6/figure_6a.png,scripts/paper_validation/2025_Figiel_analysis/figure_6/figure_6a.png,static_only,missing_html,static_only,,,paper_validation/2025_Figiel/figure_6/data/figure_6a_plot_data.csv,false,false,false,true,false,backfillable
paper_validation/2025_Figiel/figure_6/figure_6b.png,scripts/paper_validation/2025_Figiel_analysis/figure_6/figure_6b.png,static_only,missing_html,static_only,,,paper_validation/2025_Figiel/figure_6/data/figure_6b_plot_data.csv,false,false,false,true,false,backfillable
paper_validation/2025_Figiel/figure_6/figure_6c.png,scripts/paper_validation/2025_Figiel_analysis/figure_6/figure_6c.png,static_only,missing_html,static_only,,,paper_validation/2025_Figiel/figure_6/data/figure_6c_plot_data.csv,false,false,false,true,false,backfillable
paper_validation/2025_Figiel/figure_6/figure_6d.png,scripts/paper_validation/2025_Figiel_analysis/figure_6/figure_6d.png,static_only,missing_html,static_only,,,paper_validation/2025_Figiel/figure_6/data/figure_6d_plot_data.csv,false,false,false,true,false,backfillable
paper_validation/2025_Figiel/figure_7/figure_7.png,scripts/paper_validation/2025_Figiel_analysis/figure_7/figure_7.png,static_only,missing_html,static_only,,,paper_validation/2025_Figiel/figure_7/data/figure_7_plot_data.csv,false,false,false,true,false,backfillable
paper_validation/2025_Figiel/figure_8/figure_8.png,scripts/paper_validation/2025_Figiel_analysis/figure_8/figure_8.png,static_only,missing_html,static_only,,,paper_validation/2025_Figiel/figure_8/data/figure_8_plot_data.csv,false,false,false,true,false,backfillable
paper_validation/2025_Figiel/figure_8/figure_8a.png,scripts/paper_validation/2025_Figiel_analysis/figure_8/figure_8a.png,static_only,missing_html,static_only,,,paper_validation/2025_Figiel/figure_8/data/figure_8a_plot_data.csv,false,false,false,true,false,backfillable
paper_validation/2025_Figiel/figure_8/figure_8b.png,scripts/paper_validation/2025_Figiel_analysis/figure_8/figure_8b.png,static_only,missing_html,static_only,,,paper_validation/2025_Figiel/figure_8/data/figure_8b_plot_data.csv,false,false,false,true,false,backfillable
paper_validation/2025_Figiel/figure_8/figure_8c.png,scripts/paper_validation/2025_Figiel_analysis/figure_8/figure_8c.png,static_only,missing_html,static_only,,,paper_validation/2025_Figiel/figure_8/data/figure_8c_plot_data.csv,false,false,false,true,false,backfillable
paper_validation/2025_Figiel/figure_9/figure_9.png,scripts/paper_validation/2025_Figiel_analysis/figure_9/figure_9.png,static_only,missing_html,static_only,,,paper_validation/2025_Figiel/figure_9/data/figure_9_plot_data.csv,false,false,false,true,false,backfillable
paper_validation/2025_Figiel/figure_9/figure_9_40wt_combined.png,scripts/paper_validation/2025_Figiel_analysis/figure_9/figure_9_40wt_combined.png,static_only,missing_html,static_only,,,paper_validation/2025_Figiel/figure_9/data/figure_9_40wt_combined_plot_data.csv,false,false,false,true,false,backfillable
paper_validation/2025_Figiel/figure_9/figure_9_ethanol_40wt.png,scripts/paper_validation/2025_Figiel_analysis/figure_9/figure_9_ethanol_40wt.png,static_only,missing_html,static_only,,,paper_validation/2025_Figiel/figure_9/data/figure_9_ethanol_40wt_plot_data.csv,false,false,false,true,false,backfillable
paper_validation/2025_Figiel/figure_9/figure_9_methanol_40wt.png,scripts/paper_validation/2025_Figiel_analysis/figure_9/figure_9_methanol_40wt.png,static_only,missing_html,static_only,,,paper_validation/2025_Figiel/figure_9/data/figure_9_methanol_40wt_plot_data.csv,false,false,false,true,false,backfillable
paper_validation/2025_Figiel/figure_9/figure_9a.png,scripts/paper_validation/2025_Figiel_analysis/figure_9/figure_9a.png,static_only,missing_html,static_only,,,paper_validation/2025_Figiel/figure_9/data/figure_9a_plot_data.csv,false,false,false,true,false,backfillable
paper_validation/2025_Figiel/figure_9/figure_9b.png,scripts/paper_validation/2025_Figiel_analysis/figure_9/figure_9b.png,static_only,missing_html,static_only,,,paper_validation/2025_Figiel/figure_9/data/figure_9b_plot_data.csv,false,false,false,true,false,backfillable
paper_validation/2025_Figiel/figure_9/figure_9c.png,scripts/paper_validation/2025_Figiel_analysis/figure_9/figure_9c.png,static_only,missing_html,static_only,,,paper_validation/2025_Figiel/figure_9/data/figure_9c_plot_data.csv,false,false,false,true,false,backfillable
paper_validation/2025_Figiel/figure_9/figure_9d.png,scripts/paper_validation/2025_Figiel_analysis/figure_9/figure_9d.png,static_only,missing_html,static_only,,,paper_validation/2025_Figiel/figure_9/data/figure_9d_plot_data.csv,false,false,false,true,false,backfillable
paper_validation/2026_Khudaida/figure_1/figure_1.png,scripts/paper_validation/2026_Khudaida_analysis/figure_1/figure_1.png,static_only,missing_html,static_only,,,paper_validation/2026_Khudaida/figure_1/data/figure_1_plot_data.csv,false,false,false,true,false,backfillable
paper_validation/2026_Khudaida/figure_2/figure_2.png,scripts/paper_validation/2026_Khudaida_analysis/figure_2/figure_2.png,static_only,missing_html,static_only,,,paper_validation/2026_Khudaida/figure_2/data/figure_2_plot_data.csv,false,false,false,true,false,backfillable
paper_validation/2026_Khudaida/figure_2/figure_2_scaled.png,scripts/paper_validation/2026_Khudaida_analysis/figure_2/figure_2_scaled.png,static_only,missing_html,static_only,,,paper_validation/2026_Khudaida/figure_2/data/figure_2_scaled_plot_data.csv,false,false,false,true,false,backfillable
paper_validation/2026_Khudaida/figure_3/figure_3.png,scripts/paper_validation/2026_Khudaida_analysis/figure_3/figure_3.png,static_only,missing_html,static_only,,,paper_validation/2026_Khudaida/figure_3/data/figure_3_plot_data.csv,false,false,false,true,false,backfillable
paper_validation/2026_Khudaida/figure_3/figure_3_scaled.png,scripts/paper_validation/2026_Khudaida_analysis/figure_3/figure_3_scaled.png,static_only,missing_html,static_only,,,paper_validation/2026_Khudaida/figure_3/data/figure_3_scaled_plot_data.csv,false,false,false,true,false,backfillable
paper_validation/2026_Khudaida/figure_4/figure_4.png,scripts/paper_validation/2026_Khudaida_analysis/figure_4/figure_4.png,static_only,missing_html,static_only,,,paper_validation/2026_Khudaida/figure_4/data/figure_4_plot_data.csv,false,false,false,true,false,backfillable
paper_validation/2026_Khudaida/figure_4/figure_4_scaled.png,scripts/paper_validation/2026_Khudaida_analysis/figure_4/figure_4_scaled.png,static_only,missing_html,static_only,,,paper_validation/2026_Khudaida/figure_4/data/figure_4_scaled_plot_data.csv,false,false,false,true,false,backfillable
paper_validation/2026_Khudaida/figure_5/figure_5.png,scripts/paper_validation/2026_Khudaida_analysis/figure_5/figure_5.png,static_only,missing_html,static_only,,,paper_validation/2026_Khudaida/figure_5/data/figure_5_plot_data.csv,false,false,false,true,false,backfillable
paper_validation/2026_Khudaida/figure_5/figure_5_scaled.png,scripts/paper_validation/2026_Khudaida_analysis/figure_5/figure_5_scaled.png,static_only,missing_html,static_only,,,paper_validation/2026_Khudaida/figure_5/data/figure_5_scaled_plot_data.csv,false,false,false,true,false,backfillable
paper_validation/2026_Khudaida/figure_6/figure_6.png,scripts/paper_validation/2026_Khudaida_analysis/figure_6/figure_6.png,static_only,missing_html,static_only,,,paper_validation/2026_Khudaida/figure_6/data/figure_6_plot_data.csv,false,false,false,true,false,backfillable
paper_validation/2026_Khudaida/figure_6/figure_6_scaled.png,scripts/paper_validation/2026_Khudaida_analysis/figure_6/figure_6_scaled.png,static_only,missing_html,static_only,,,paper_validation/2026_Khudaida/figure_6/data/figure_6_scaled_plot_data.csv,false,false,false,true,false,backfillable
paper_validation/2026_Khudaida/figure_7/figure_7.png,scripts/paper_validation/2026_Khudaida_analysis/figure_7/figure_7.png,static_only,missing_html,static_only,,,paper_validation/2026_Khudaida/figure_7/data/figure_7_plot_data.csv,false,false,false,true,false,backfillable
paper_validation/2026_Khudaida/figure_7/figure_7_scaled.png,scripts/paper_validation/2026_Khudaida_analysis/figure_7/figure_7_scaled.png,static_only,missing_html,static_only,,,paper_validation/2026_Khudaida/figure_7/data/figure_7_scaled_plot_data.csv,false,false,false,true,false,backfillable
paper_validation/2026_Khudaida/figure_8/figure_8.png,scripts/paper_validation/2026_Khudaida_analysis/figure_8/figure_8.png,static_only,missing_html,static_only,,,paper_validation/2026_Khudaida/figure_8/data/figure_8_plot_data.csv,false,false,false,true,false,backfillable
paper_validation/2026_Khudaida/figure_9/figure_9.png,scripts/paper_validation/2026_Khudaida_analysis/figure_9/figure_9.png,static_only,missing_html,static_only,,,paper_validation/2026_Khudaida/figure_9/data/figure_9_plot_data.csv,false,false,false,true,false,backfillable
paper_validation/2026_Khudaida/tables_9_10/table_10.png,scripts/paper_validation/2026_Khudaida_analysis/tables_9_10/table_10.png,static_only,missing_html,static_only,,,paper_validation/2026_Khudaida/tables_9_10/data/table_10_plot_data.csv,false,false,false,true,false,no_numeric_artists
paper_validation/2026_Khudaida/tables_9_10/table_9.png,scripts/paper_validation/2026_Khudaida_analysis/tables_9_10/table_9.png,static_only,missing_html,static_only,,,paper_validation/2026_Khudaida/tables_9_10/data/table_9_plot_data.csv,false,false,false,true,false,no_numeric_artists
tests/api/parity/runtime_alias_canonical_method_parity.png,tests/api/parity/runtime_alias_canonical_method_parity.png,native_plotly,interactive,interactive,tests/api/parity/runtime_alias_canonical_method_parity.html,tests/api/parity/runtime_alias_canonical_method_parity.svg,tests/api/parity/data/runtime_alias_canonical_method_parity_plot_data.csv,true,true,true,true,true,
tests/api/parity/runtime_diagnostics_public_method_parity.png,tests/api/parity/runtime_diagnostics_public_method_parity.png,native_plotly,interactive,interactive,tests/api/parity/runtime_diagnostics_public_method_parity.html,tests/api/parity/runtime_diagnostics_public_method_parity.svg,tests/api/parity/data/runtime_diagnostics_public_method_parity_plot_data.csv,true,true,true,true,true,
tests/contributions/ionic/runtime_ionic_contribution_closure.png,tests/contributions/ionic/runtime_ionic_contribution_closure.png,native_plotly,interactive,interactive,tests/contributions/ionic/runtime_ionic_contribution_closure.html,tests/contributions/ionic/runtime_ionic_contribution_closure.svg,tests/contributions/ionic/data/runtime_ionic_contribution_closure_plot_data.csv,true,true,true,true,true,
tests/contributions/ionic/runtime_ionic_contribution_term_breakdown.png,tests/contributions/ionic/runtime_ionic_contribution_term_breakdown.png,native_plotly,interactive,interactive,tests/contributions/ionic/runtime_ionic_contribution_term_breakdown.html,tests/contributions/ionic/runtime_ionic_contribution_term_breakdown.svg,tests/contributions/ionic/data/runtime_ionic_contribution_term_breakdown_plot_data.csv,true,true,true,true,true,
tests/contributions/neutral/runtime_neutral_contribution_closure.png,tests/contributions/neutral/runtime_neutral_contribution_closure.png,native_plotly,interactive,interactive,tests/contributions/neutral/runtime_neutral_contribution_closure.html,tests/contributions/neutral/runtime_neutral_contribution_closure.svg,tests/contributions/neutral/data/runtime_neutral_contribution_closure_plot_data.csv,true,true,true,true,true,
tests/contributions/neutral/runtime_neutral_contribution_term_breakdown.png,tests/contributions/neutral/runtime_neutral_contribution_term_breakdown.png,native_plotly,interactive,interactive,tests/contributions/neutral/runtime_neutral_contribution_term_breakdown.html,tests/contributions/neutral/runtime_neutral_contribution_term_breakdown.svg,tests/contributions/neutral/data/runtime_neutral_contribution_term_breakdown_plot_data.csv,true,true,true,true,true,
tests/equilibrium/electrolyte_lle/equilibrium_electrolyte_khudaida_seeded_solver_gate.png,tests/equilibrium/electrolyte_lle/equilibrium_electrolyte_khudaida_seeded_solver_gate.png,native_plotly,interactive,interactive,tests/equilibrium/electrolyte_lle/equilibrium_electrolyte_khudaida_seeded_solver_gate.html,tests/equilibrium/electrolyte_lle/equilibrium_electrolyte_khudaida_seeded_solver_gate.svg,tests/equilibrium/electrolyte_lle/data/equilibrium_electrolyte_khudaida_seeded_solver_gate_plot_data.csv,true,true,true,true,true,
tests/equilibrium/electrolyte_lle/equilibrium_electrolyte_lle_phase_compositions.png,tests/equilibrium/electrolyte_lle/equilibrium_electrolyte_lle_phase_compositions.png,native_plotly,interactive,interactive,tests/equilibrium/electrolyte_lle/equilibrium_electrolyte_lle_phase_compositions.html,tests/equilibrium/electrolyte_lle/equilibrium_electrolyte_lle_phase_compositions.svg,tests/equilibrium/electrolyte_lle/data/equilibrium_electrolyte_lle_phase_compositions_plot_data.csv,true,true,true,true,true,
tests/equilibrium/electrolyte_lle/equilibrium_electrolyte_lle_residual_closure.png,tests/equilibrium/electrolyte_lle/equilibrium_electrolyte_lle_residual_closure.png,native_plotly,interactive,interactive,tests/equilibrium/electrolyte_lle/equilibrium_electrolyte_lle_residual_closure.html,tests/equilibrium/electrolyte_lle/equilibrium_electrolyte_lle_residual_closure.svg,tests/equilibrium/electrolyte_lle/data/equilibrium_electrolyte_lle_residual_closure_plot_data.csv,true,true,true,true,true,
tests/equilibrium/lle/equilibrium_lle_reference_comparison.png,tests/equilibrium/lle/equilibrium_lle_reference_comparison.png,native_plotly,interactive,interactive,tests/equilibrium/lle/equilibrium_lle_reference_comparison.html,tests/equilibrium/lle/equilibrium_lle_reference_comparison.svg,tests/equilibrium/lle/data/equilibrium_lle_reference_comparison_plot_data.csv,true,true,true,true,true,
tests/equilibrium/lle/equilibrium_lle_residual_closure.png,tests/equilibrium/lle/equilibrium_lle_residual_closure.png,native_plotly,interactive,interactive,tests/equilibrium/lle/equilibrium_lle_residual_closure.html,tests/equilibrium/lle/equilibrium_lle_residual_closure.svg,tests/equilibrium/lle/data/equilibrium_lle_residual_closure_plot_data.csv,true,true,true,true,true,
tests/equilibrium/lle/equilibrium_lle_tie_line.png,tests/equilibrium/lle/equilibrium_lle_tie_line.png,native_plotly,interactive,interactive,tests/equilibrium/lle/equilibrium_lle_tie_line.html,tests/equilibrium/lle/equilibrium_lle_tie_line.svg,tests/equilibrium/lle/data/equilibrium_lle_tie_line_plot_data.csv,true,true,true,true,true,
tests/equilibrium/stability/equilibrium_stability_reference_cases.png,tests/equilibrium/stability/equilibrium_stability_reference_cases.png,native_plotly,interactive,interactive,tests/equilibrium/stability/equilibrium_stability_reference_cases.html,tests/equilibrium/stability/equilibrium_stability_reference_cases.svg,tests/equilibrium/stability/data/equilibrium_stability_reference_cases_plot_data.csv,true,true,true,true,true,
tests/equilibrium/vle/equilibrium_vle_compositions.png,tests/equilibrium/vle/equilibrium_vle_compositions.png,native_plotly,interactive,interactive,tests/equilibrium/vle/equilibrium_vle_compositions.html,tests/equilibrium/vle/equilibrium_vle_compositions.svg,tests/equilibrium/vle/data/equilibrium_vle_compositions_plot_data.csv,true,true,true,true,true,
tests/equilibrium/vle/equilibrium_vle_reference_comparison.png,tests/equilibrium/vle/equilibrium_vle_reference_comparison.png,native_plotly,interactive,interactive,tests/equilibrium/vle/equilibrium_vle_reference_comparison.html,tests/equilibrium/vle/equilibrium_vle_reference_comparison.svg,tests/equilibrium/vle/data/equilibrium_vle_reference_comparison_plot_data.csv,true,true,true,true,true,
tests/equilibrium/vle/equilibrium_vle_residual_closure.png,tests/equilibrium/vle/equilibrium_vle_residual_closure.png,native_plotly,interactive,interactive,tests/equilibrium/vle/equilibrium_vle_residual_closure.html,tests/equilibrium/vle/equilibrium_vle_residual_closure.svg,tests/equilibrium/vle/data/equilibrium_vle_residual_closure_plot_data.csv,true,true,true,true,true,
tests/native/branches/native_branch_contribution_reference_comparison.png,tests/native/branches/native_branch_contribution_reference_comparison.png,native_plotly,interactive,interactive,tests/native/branches/native_branch_contribution_reference_comparison.html,tests/native/branches/native_branch_contribution_reference_comparison.svg,tests/native/branches/data/native_branch_contribution_reference_comparison_plot_data.csv,true,true,true,true,true,
tests/native/branches/runtime_pressure_density_constructor_parity.png,tests/native/branches/runtime_pressure_density_constructor_parity.png,native_plotly,interactive,interactive,tests/native/branches/runtime_pressure_density_constructor_parity.html,tests/native/branches/runtime_pressure_density_constructor_parity.svg,tests/native/branches/data/runtime_pressure_density_constructor_parity_plot_data.csv,true,true,true,true,true,
tests/native/derivatives/native_composition_derivative_finite_difference_parity.png,tests/native/derivatives/native_composition_derivative_finite_difference_parity.png,native_plotly,interactive,interactive,tests/native/derivatives/native_composition_derivative_finite_difference_parity.html,tests/native/derivatives/native_composition_derivative_finite_difference_parity.svg,tests/native/derivatives/data/native_composition_derivative_finite_difference_parity_plot_data.csv,true,true,true,true,true,
tests/native/derivatives/native_temperature_derivative_finite_difference_parity.png,tests/native/derivatives/native_temperature_derivative_finite_difference_parity.png,native_plotly,interactive,interactive,tests/native/derivatives/native_temperature_derivative_finite_difference_parity.html,tests/native/derivatives/native_temperature_derivative_finite_difference_parity.svg,tests/native/derivatives/data/native_temperature_derivative_finite_difference_parity_plot_data.csv,true,true,true,true,true,
tests/properties/activity_fugacity/runtime_activity_fugacity_solution_property_comparison.png,tests/properties/activity_fugacity/runtime_activity_fugacity_solution_property_comparison.png,native_plotly,interactive,interactive,tests/properties/activity_fugacity/runtime_activity_fugacity_solution_property_comparison.html,tests/properties/activity_fugacity/runtime_activity_fugacity_solution_property_comparison.svg,tests/properties/activity_fugacity/data/runtime_activity_fugacity_solution_property_comparison_plot_data.csv,true,true,true,true,true,
tests/properties/activity_fugacity/runtime_ionic_diagnostics_reference_comparison.png,tests/properties/activity_fugacity/runtime_ionic_diagnostics_reference_comparison.png,native_plotly,interactive,interactive,tests/properties/activity_fugacity/runtime_ionic_diagnostics_reference_comparison.html,tests/properties/activity_fugacity/runtime_ionic_diagnostics_reference_comparison.svg,tests/properties/activity_fugacity/data/runtime_ionic_diagnostics_reference_comparison_plot_data.csv,true,true,true,true,true,
tests/properties/activity_fugacity/runtime_method_surface_ionic_reference_comparison.png,tests/properties/activity_fugacity/runtime_method_surface_ionic_reference_comparison.png,native_plotly,interactive,interactive,tests/properties/activity_fugacity/runtime_method_surface_ionic_reference_comparison.html,tests/properties/activity_fugacity/runtime_method_surface_ionic_reference_comparison.svg,tests/properties/activity_fugacity/data/runtime_method_surface_ionic_reference_comparison_plot_data.csv,true,true,true,true,true,
tests/properties/activity_fugacity/runtime_neutral_fugacity_chemical_potential_comparison.png,tests/properties/activity_fugacity/runtime_neutral_fugacity_chemical_potential_comparison.png,native_plotly,interactive,interactive,tests/properties/activity_fugacity/runtime_neutral_fugacity_chemical_potential_comparison.html,tests/properties/activity_fugacity/runtime_neutral_fugacity_chemical_potential_comparison.svg,tests/properties/activity_fugacity/data/runtime_neutral_fugacity_chemical_potential_comparison_plot_data.csv,true,true,true,true,true,
tests/properties/residual_energy/runtime_ionic_residual_energy_property_family.png,tests/properties/residual_energy/runtime_ionic_residual_energy_property_family.png,native_plotly,interactive,interactive,tests/properties/residual_energy/runtime_ionic_residual_energy_property_family.html,tests/properties/residual_energy/runtime_ionic_residual_energy_property_family.svg,tests/properties/residual_energy/data/runtime_ionic_residual_energy_property_family_plot_data.csv,true,true,true,true,true,
tests/properties/residual_energy/runtime_method_surface_neutral_reference_comparison.png,tests/properties/residual_energy/runtime_method_surface_neutral_reference_comparison.png,native_plotly,interactive,interactive,tests/properties/residual_energy/runtime_method_surface_neutral_reference_comparison.html,tests/properties/residual_energy/runtime_method_surface_neutral_reference_comparison.svg,tests/properties/residual_energy/data/runtime_method_surface_neutral_reference_comparison_plot_data.csv,true,true,true,true,true,
tests/properties/residual_energy/runtime_neutral_scalar_reference_comparison.png,tests/properties/residual_energy/runtime_neutral_scalar_reference_comparison.png,native_plotly,interactive,interactive,tests/properties/residual_energy/runtime_neutral_scalar_reference_comparison.html,tests/properties/residual_energy/runtime_neutral_scalar_reference_comparison.svg,tests/properties/residual_energy/data/runtime_neutral_scalar_reference_comparison_plot_data.csv,true,true,true,true,true,
tests/properties/residual_energy/runtime_residual_energy_property_family.png,tests/properties/residual_energy/runtime_residual_energy_property_family.png,native_plotly,interactive,interactive,tests/properties/residual_energy/runtime_residual_energy_property_family.html,tests/properties/residual_energy/runtime_residual_energy_property_family.svg,tests/properties/residual_energy/data/runtime_residual_energy_property_family_plot_data.csv,true,true,true,true,true,
tests/regression/gradients/regression_gradient_finite_difference_parity.png,tests/regression/gradients/regression_gradient_finite_difference_parity.png,native_plotly,interactive,interactive,tests/regression/gradients/regression_gradient_finite_difference_parity.html,tests/regression/gradients/regression_gradient_finite_difference_parity.svg,tests/regression/gradients/data/regression_gradient_finite_difference_parity_plot_data.csv,true,true,true,true,true,
tests/regression/hydrocarbon/regression_hydrocarbon_basis_parameter_comparison.png,tests/regression/hydrocarbon/regression_hydrocarbon_basis_parameter_comparison.png,native_plotly,interactive,interactive,tests/regression/hydrocarbon/regression_hydrocarbon_basis_parameter_comparison.html,tests/regression/hydrocarbon/regression_hydrocarbon_basis_parameter_comparison.svg,tests/regression/hydrocarbon/data/regression_hydrocarbon_basis_parameter_comparison_plot_data.csv,true,true,true,true,true,
tests/regression/hydrocarbon/regression_methane_parameter_reference_comparison.png,tests/regression/hydrocarbon/regression_methane_parameter_reference_comparison.png,native_plotly,interactive,interactive,tests/regression/hydrocarbon/regression_methane_parameter_reference_comparison.html,tests/regression/hydrocarbon/regression_methane_parameter_reference_comparison.svg,tests/regression/hydrocarbon/data/regression_methane_parameter_reference_comparison_plot_data.csv,true,true,true,true,true,
